-- MySQL dump 10.13  Distrib 5.1.47, for Win32 (ia32)
--
-- Host: localhost    Database: sones
-- ------------------------------------------------------
-- Server version	5.1.47-community

/*!40101 SET @OLD_CHARACTER_SET_CLIENT=@@CHARACTER_SET_CLIENT */;
/*!40101 SET @OLD_CHARACTER_SET_RESULTS=@@CHARACTER_SET_RESULTS */;
/*!40101 SET @OLD_COLLATION_CONNECTION=@@COLLATION_CONNECTION */;
/*!40101 SET NAMES utf8 */;
/*!40103 SET @OLD_TIME_ZONE=@@TIME_ZONE */;
/*!40103 SET TIME_ZONE='+00:00' */;
/*!40014 SET @OLD_UNIQUE_CHECKS=@@UNIQUE_CHECKS, UNIQUE_CHECKS=0 */;
/*!40014 SET @OLD_FOREIGN_KEY_CHECKS=@@FOREIGN_KEY_CHECKS, FOREIGN_KEY_CHECKS=0 */;
/*!40101 SET @OLD_SQL_MODE=@@SQL_MODE, SQL_MODE='NO_AUTO_VALUE_ON_ZERO' */;
/*!40111 SET @OLD_SQL_NOTES=@@SQL_NOTES, SQL_NOTES=0 */;

--
-- Table structure for table `application_users`
--

DROP TABLE IF EXISTS `application_users`;
/*!40101 SET @saved_cs_client     = @@character_set_client */;
/*!40101 SET character_set_client = utf8 */;
CREATE TABLE `application_users` (
  `PK_USER_ID` varchar(100) NOT NULL,
  PRIMARY KEY (`PK_USER_ID`)
) ENGINE=InnoDB DEFAULT CHARSET=utf8;
/*!40101 SET character_set_client = @saved_cs_client */;

--
-- Dumping data for table `application_users`
--

LOCK TABLES `application_users` WRITE;
/*!40000 ALTER TABLE `application_users` DISABLE KEYS */;
INSERT INTO `application_users` VALUES ('1'),('11'),('2'),('3'),('4'),('5'),('6'),('7'),('8'),('9');
/*!40000 ALTER TABLE `application_users` ENABLE KEYS */;
UNLOCK TABLES;

--
-- Table structure for table `application_users_has_facebook_comments`
--

DROP TABLE IF EXISTS `application_users_has_facebook_comments`;
/*!40101 SET @saved_cs_client     = @@character_set_client */;
/*!40101 SET character_set_client = utf8 */;
CREATE TABLE `application_users_has_facebook_comments` (
  `APPLICATION_USERS_PK_USER_ID` varchar(100) NOT NULL,
  `Facebook_COMMENTS_PK_COMMENT_ID` varchar(100) NOT NULL,
  PRIMARY KEY (`APPLICATION_USERS_PK_USER_ID`,`Facebook_COMMENTS_PK_COMMENT_ID`),
  KEY `fk_APPLICATION_USERS_has_Facebook_COMMENTS_APPLICATION_USERS1` (`APPLICATION_USERS_PK_USER_ID`),
  KEY `fk_APPLICATION_USERS_has_Facebook_COMMENTS_Facebook_COMMENTS1` (`Facebook_COMMENTS_PK_COMMENT_ID`),
  CONSTRAINT `fk_APPLICATION_USERS_has_Facebook_COMMENTS_APPLICATION_USERS1` FOREIGN KEY (`APPLICATION_USERS_PK_USER_ID`) REFERENCES `application_users` (`PK_USER_ID`) ON DELETE NO ACTION ON UPDATE NO ACTION,
  CONSTRAINT `fk_APPLICATION_USERS_has_Facebook_COMMENTS_Facebook_COMMENTS1` FOREIGN KEY (`Facebook_COMMENTS_PK_COMMENT_ID`) REFERENCES `facebook_comments` (`PK_COMMENT_ID`) ON DELETE NO ACTION ON UPDATE NO ACTION
) ENGINE=InnoDB DEFAULT CHARSET=utf8;
/*!40101 SET character_set_client = @saved_cs_client */;

--
-- Dumping data for table `application_users_has_facebook_comments`
--

LOCK TABLES `application_users_has_facebook_comments` WRITE;
/*!40000 ALTER TABLE `application_users_has_facebook_comments` DISABLE KEYS */;
INSERT INTO `application_users_has_facebook_comments` VALUES ('1','545564400_10150348886274401_19039350'),('1','545564400_10150348886274401_19039971'),('1','545564400_10150350046454401_19056945'),('1','545564400_10150350046454401_19057898'),('1','545564400_10150352743224401_19093155'),('1','545564400_10150352743224401_19093397'),('1','545564400_10150352743224401_19094133'),('1','545564400_10150365678829401_19257193'),('1','545564400_10150365678829401_19257208'),('1','545564400_10150365682309401_19256534'),('1','545564400_10150369659949401_19309841'),('1','545564400_10150369659949401_19310194'),('1','545564400_10150369659949401_19314001'),('1','545564400_10150371482424401_19341447'),('1','545564400_10150371482424401_19343752'),('1','545564400_10150371531219401_19335162'),('1','545564400_10150381019089401_19432647'),('1','545564400_10150381019089401_19432687'),('1','545564400_10150381019089401_19432846'),('1','545564400_10150390667374401_19543905'),('1','545564400_10150390667374401_19544796'),('1','545564400_10150394404149401_19566066'),('1','545564400_10150394404149401_19566288'),('1','545564400_10150396429179401_19582910'),('1','545564400_10150396429179401_19582917'),('1','545564400_10150398847544401_19600475'),('1','545564400_10150398847544401_19600489'),('1','545564400_10150409291324401_19676433'),('1','545564400_10150409291324401_19676619'),('1','545564400_10150409341814401_19675298'),('1','545564400_10150409341814401_19675331'),('1','545564400_116705191774189_107472'),('1','545564400_116705191774189_116728'),('1','545564400_184715788284128_912027'),('1','545564400_184715788284128_912105'),('1','545564400_189966507753516_1013283'),('1','545564400_189966507753516_1013404'),('1','545564400_261282817256517_3382132'),('1','545564400_261282817256517_3382133'),('1','545564400_282834191755579_3803375'),('1','545564400_282834191755579_3803410'),('1','551366621_100635900054185_1232'),('1','551366621_10150338172436622_19476187'),('1','551366621_10150338172436622_19476191'),('1','551366621_10150349411391622_19629273'),('1','551366621_10150917535860497_13019345'),('1','551366621_152717761493201_409373'),('1','551366621_152717761493201_409375'),('1','553450908_10150363475060909_19907506'),('1','553450908_10150363475060909_19907521'),('1','553450908_10150365223190909_19926422'),('1','553450908_10150365223190909_19926434'),('1','553450908_10150365223190909_19926453'),('1','553450908_10150366291105909_19941049'),('1','553450908_10150366291105909_19941641'),('1','553450908_10150368353220909_19977123'),('1','553450908_10150368353220909_19977589'),('1','553450908_10150369266565909_19984788'),('1','553450908_10150369266565909_19984858'),('1','553450908_10150372947595909_20028036'),('1','553450908_10150372947595909_20035112'),('1','553450908_10150377475940909_20093316'),('1','553450908_10150381163240909_20146352'),('1','553450908_10150381163240909_20146360'),('1','553450908_10150386398270909_20231791'),('1','553450908_10150386398270909_20231835'),('1','553450908_10150390105635909_20267604'),('1','553450908_10150390105635909_20268584'),('1','553450908_10150394185880909_20322383'),('1','553450908_10150394185880909_20322386'),('1','553450908_10150407127425909_20447773'),('1','553450908_10150407127425909_20447783'),('1','553450908_10150407159465909_20458461'),('1','553450908_10150407159465909_20459129'),('1','553450908_10150411789565909_20499231'),('1','553450908_10150412890335909_20514861'),('1','553450908_10150412890335909_20515262'),('1','553450908_10150415928185909_20536760'),('1','553450908_10150415928185909_20536768'),('1','553450908_10150422373765909_20588764'),('1','553450908_10150422373765909_20588769'),('1','553450908_10150430546175909_20651558'),('1','553450908_10150430546175909_20651560'),('1','553450908_10150433470725909_20673236'),('1','553450908_10150433470725909_20673574'),('1','553450908_183026221782582_945453'),('1','553450908_183026221782582_946495'),('1','553450908_183026221782582_946641'),('1','553450908_236074346457369_2515656'),('1','553450908_236074346457369_2515719'),('1','553450908_236074346457369_2515722'),('1','553450908_239620746105275_2401245'),('1','553450908_239620746105275_2401250'),('1','553450908_261220043914905_3535438'),('1','553450908_261220043914905_3535767'),('1','553450908_261220043914905_3535805'),('1','553450908_307141162638104_4473318'),('1','553450908_307141162638104_4475463'),('1','553450908_315124405168148_4797434'),('1','553450908_315124405168148_4797440'),('1','553450908_321168667902866_8824907'),('1','553450908_321168667902866_8825858'),('1','553450908_321168667902866_8825910'),('1','560464490_179760785404009_2253847'),('1','566811562_10150403909236563_20208925'),('1','566811562_10150404033916563_20208932'),('1','566811562_10150404063256563_20208930'),('1','566811562_10150404090671563_20208949'),('1','566811562_10150404267741563_20208926'),('1','566811562_10150404502466563_20209814'),('1','566811562_10150406640956563_20248540'),('1','566811562_10150412250416563_20317358'),('1','566811562_10150412250416563_20317513'),('1','566811562_10150422212656563_20450555'),('1','566811562_10150422212656563_20451050'),('1','566811562_10150422212656563_20470190'),('1','566811562_10150427896391563_20533300'),('1','566811562_10150427896391563_20533305'),('1','566811562_10150430168111563_20714260'),('1','566811562_10150430168111563_20714432'),('1','566811562_10150438194826563_20680957'),('1','566811562_10150438194826563_20680972'),('1','566811562_10150438194826563_20681510'),('1','566811562_10150440834421563_20714260'),('1','566811562_10150440834421563_20714432'),('1','566811562_10150443537376563_20752081'),('1','566811562_10150443537376563_20773406'),('1','566811562_10150450509351563_20828407'),('1','566811562_10150450509351563_20841090'),('1','566811562_10150451910861563_20841417'),('1','566811562_10150451910861563_20841421'),('1','566811562_10150458733431563_6317846'),('1','566811562_10150458733431563_6318049'),('1','566811562_10150462358751563_20950744'),('1','566811562_10150474132586563_21062417'),('1','566811562_10150474132586563_21062434'),('1','566811562_10150474132586563_21062615'),('1','566811562_10150477774111563_21092901'),('1','566811562_10150477774111563_21094809'),('1','566811562_10150477774111563_21095671'),('1','566811562_10150478253781563_21097198'),('1','566811562_10150478253781563_21097444'),('1','566811562_184251831658698_1028843'),('1','566811562_184251831658698_1028847'),('1','566811562_184251831658698_1028852'),('1','566811562_187214978021204_1194732'),('1','566811562_187214978021204_1194737'),('1','566811562_237764659618965_2521832'),('1','566811562_237764659618965_2521918'),('1','566811562_274185979284126_3512152'),('1','566811562_279487345406600_3966856'),('2','545564400_10150350046454401_19057898'),('2','545564400_10150352743224401_19093155');
/*!40000 ALTER TABLE `application_users_has_facebook_comments` ENABLE KEYS */;
UNLOCK TABLES;

--
-- Table structure for table `application_users_has_facebook_feeds`
--

DROP TABLE IF EXISTS `application_users_has_facebook_feeds`;
/*!40101 SET @saved_cs_client     = @@character_set_client */;
/*!40101 SET character_set_client = utf8 */;
CREATE TABLE `application_users_has_facebook_feeds` (
  `APPLICATION_USERS_PK_USER_ID` varchar(100) NOT NULL,
  `FACEBOOK_FEEDS_PK_FEED_ID` varchar(100) NOT NULL,
  PRIMARY KEY (`APPLICATION_USERS_PK_USER_ID`,`FACEBOOK_FEEDS_PK_FEED_ID`),
  KEY `fk_APPLICATION_USERS_has_FACEBOOK_FEEDS_APPLICATION_USERS1` (`APPLICATION_USERS_PK_USER_ID`),
  KEY `fk_APPLICATION_USERS_has_FACEBOOK_FEEDS_FACEBOOK_FEEDS1` (`FACEBOOK_FEEDS_PK_FEED_ID`),
  CONSTRAINT `fk_APPLICATION_USERS_has_FACEBOOK_FEEDS_APPLICATION_USERS1` FOREIGN KEY (`APPLICATION_USERS_PK_USER_ID`) REFERENCES `application_users` (`PK_USER_ID`) ON DELETE NO ACTION ON UPDATE NO ACTION,
  CONSTRAINT `fk_APPLICATION_USERS_has_FACEBOOK_FEEDS_FACEBOOK_FEEDS1` FOREIGN KEY (`FACEBOOK_FEEDS_PK_FEED_ID`) REFERENCES `facebook_feeds` (`PK_FEED_ID`) ON DELETE NO ACTION ON UPDATE NO ACTION
) ENGINE=InnoDB DEFAULT CHARSET=utf8;
/*!40101 SET character_set_client = @saved_cs_client */;

--
-- Dumping data for table `application_users_has_facebook_feeds`
--

LOCK TABLES `application_users_has_facebook_feeds` WRITE;
/*!40000 ALTER TABLE `application_users_has_facebook_feeds` DISABLE KEYS */;
INSERT INTO `application_users_has_facebook_feeds` VALUES ('1','545564400_10150337641464401'),('1','545564400_10150337654104401'),('1','545564400_10150337665334401'),('1','545564400_10150338900184401'),('1','545564400_10150338949374401'),('1','545564400_10150340158519401'),('1','545564400_10150340170679401'),('1','545564400_10150340177854401'),('1','545564400_10150340181044401'),('1','545564400_10150340184729401'),('1','545564400_10150340188084401'),('1','545564400_10150340213504401'),('1','545564400_10150341439104401'),('1','545564400_10150341451344401'),('1','545564400_10150341459109401'),('1','545564400_10150341465159401'),('1','545564400_10150342644159401'),('1','545564400_10150342686534401'),('1','545564400_10150342696989401'),('1','545564400_10150343490829401'),('1','545564400_10150346438339401'),('1','545564400_10150350153309401'),('1','545564400_10150351173384401'),('1','545564400_10150352743224401'),('1','545564400_10150355196534401'),('1','545564400_10150355199644401'),('1','545564400_10150356472849401'),('1','545564400_10150356730459401'),('1','545564400_10150357411119401'),('1','545564400_10150357418514401'),('1','545564400_10150357420764401'),('1','545564400_10150357424854401'),('1','545564400_10150357437069401'),('1','545564400_10150357439099401'),('1','545564400_10150357441044401'),('1','545564400_10150357441554401'),('1','545564400_10150357546144401'),('1','545564400_10150357992134857'),('1','545564400_10150357993349857'),('1','545564400_10150358580039401'),('1','545564400_10150358593244401'),('1','545564400_10150360484199401'),('1','545564400_10150363171819401'),('1','545564400_10150365659769401'),('1','545564400_10150365678829401'),('1','545564400_10150365682309401'),('1','545564400_10150365695989401'),('1','545564400_10150365767774401'),('1','545564400_10150366537149401'),('1','545564400_10150366907629401'),('1','545564400_10150366922534401'),('1','545564400_10150366925049401'),('1','545564400_10150368094879401'),('1','545564400_10150368557029401'),('1','545564400_10150369659949401'),('1','545564400_10150371482424401'),('1','545564400_10150371531219401'),('1','545564400_10150373304729401'),('1','545564400_10150375907079401'),('1','545564400_10150377590349401'),('1','545564400_10150381019089401'),('1','545564400_10150381060164401'),('1','545564400_10150382962654401'),('1','545564400_10150390667374401'),('1','545564400_10150390674934401'),('1','545564400_10150390716999401'),('1','545564400_10150394404149401'),('1','545564400_10150394453039401'),('1','545564400_10150394550889401'),('1','545564400_10150396429179401'),('1','545564400_10150396471729401'),('1','545564400_10150398847544401'),('1','545564400_10150400793594401'),('1','545564400_10150400862054401'),('1','545564400_10150400876409401'),('1','545564400_10150402802269401'),('1','545564400_10150403008789401'),('1','545564400_10150409291324401'),('1','545564400_10150409331014401'),('1','545564400_10150409341814401'),('1','545564400_10150409383259401'),('1','545564400_116705191774189'),('1','545564400_129736757130585'),('1','545564400_131433236963031'),('1','545564400_138217312952786'),('1','545564400_150753638356201'),('1','545564400_184715788284128'),('1','545564400_188192647928608'),('1','545564400_189966507753516'),('1','545564400_261282817256517'),('1','545564400_262070287170599'),('1','545564400_282834191755579'),('1','545564400_287585351262424'),('1','545564400_289498601068167'),('1','545564400_290662400955341'),('1','545564400_291412420877828'),('1','545564400_309837815711309'),('1','545564400_311179182245144'),('1','545564400_311727178844279'),('1','545564400_317888404890059'),('1','551366621_10150199946626622'),('1','551366621_10150204921446622'),('1','551366621_10150204926226622'),('1','551366621_10150230949161622'),('1','551366621_10150234932191622'),('1','551366621_10150236667041622'),('1','551366621_10150238304651622'),('1','551366621_10150241323271622'),('1','551366621_10150242837616622'),('1','551366621_10150242864596622'),('1','551366621_10150249037621622'),('1','551366621_10150250055621622'),('1','551366621_10150251858646622'),('1','551366621_10150252563211622'),('1','551366621_10150258897846622'),('1','551366621_10150297873916622'),('1','551366621_10150305261161622'),('1','551366621_10150317587736622'),('1','551366621_10150338172436622'),('1','551366621_10150348219456622'),('1','551366621_10150349411391622'),('1','551366621_10150357169816622'),('1','551366621_10150917535860497'),('1','551366621_110499179061487'),('1','551366621_112771455501053'),('1','551366621_128101513962572'),('1','551366621_133383050090812'),('1','551366621_152717761493201'),('1','551366621_169497429809750'),('1','551366621_177488275671843'),('1','551366621_189609517783197'),('1','551366621_194209577322867'),('1','551366621_209257225813582'),('1','551366621_213429668727520'),('1','551366621_224239387643106'),('1','551366621_229451847118226'),('1','551366621_229858163742447'),('1','551366621_231628083552747'),('1','551366621_232295806833323'),('1','551366621_238053209587858'),('1','551366621_252098748171740'),('1','551366621_260275277328473'),('1','551366621_264256660277180'),('1','551366621_286358904719970'),('1','551366621_290086077675151'),('1','551366621_309079619118860'),('1','551366621_311852052162447'),('1','551366621_314496538566265'),('1','553450908_10150341278700909'),('1','553450908_10150344079075909'),('1','553450908_10150346369985909'),('1','553450908_10150351031640909'),('1','553450908_10150353038605909'),('1','553450908_10150354235440909'),('1','553450908_10150354648950909'),('1','553450908_10150354922855909'),('1','553450908_10150355909250909'),('1','553450908_10150356388635909'),('1','553450908_10150359115455909'),('1','553450908_10150363475060909'),('1','553450908_10150365223190909'),('1','553450908_10150366291105909'),('1','553450908_10150390105635909'),('1','553450908_10150394185880909'),('1','553450908_10150395612975909'),('1','553450908_10150407127425909'),('1','553450908_10150407159465909'),('1','553450908_10150411789565909'),('1','553450908_10150412890335909'),('1','553450908_10150415928185909'),('1','553450908_10150422373765909'),('1','553450908_10150424601360909'),('1','553450908_10150430546175909'),('1','553450908_10150433470725909'),('1','553450908_110608935715002'),('1','553450908_170490326371940'),('1','553450908_173395896078119'),('1','553450908_175944745828988'),('1','553450908_183026221782582'),('1','553450908_202495179826219'),('1','553450908_211908348876100'),('1','553450908_219435488129016'),('1','553450908_222061817855357'),('1','553450908_230898273633764'),('1','553450908_236074346457369'),('1','553450908_239620746105275'),('1','553450908_246269602100170'),('1','553450908_249169085134597'),('1','553450908_261220043914905'),('1','553450908_276004509109067'),('1','553450908_286448748048799'),('1','553450908_286954361336318'),('1','553450908_292155400795916'),('1','553450908_294729890553864'),('1','553450908_307135385965944'),('1','553450908_307141162638104'),('1','553450908_315124405168148'),('1','553450908_321168667902866'),('1','560464490_10150101872699491'),('1','560464490_10150292426684491'),('1','560464490_10150327151544491'),('1','560464490_122095057865572'),('1','560464490_141302322598480'),('1','560464490_160330060690148'),('1','560464490_179760785404009'),('1','560464490_1896746428188'),('1','560464490_189835087722787'),('1','560464490_195880747102476'),('1','560464490_201969023168629'),('1','560464490_501948384490'),('1','560464490_501949224490'),('1','560464490_501979544490'),('1','560464490_502028089490'),('1','566811562_10150403402806563'),('1','566811562_10150403426521563'),('1','566811562_10150403437406563'),('1','566811562_10150403440811563'),('1','566811562_10150403477161563'),('1','566811562_10150403498811563'),('1','566811562_10150403551636563'),('1','566811562_10150403576516563'),('1','566811562_10150403584221563'),('1','566811562_10150403630196563'),('1','566811562_10150403667206563'),('1','566811562_10150403879456563'),('1','566811562_10150403909236563'),('1','566811562_10150404033916563'),('1','566811562_10150404063256563'),('1','566811562_10150404090671563'),('1','566811562_10150404267741563'),('1','566811562_10150404502466563'),('1','566811562_10150406640956563'),('1','566811562_10150408210326563'),('1','566811562_10150412250416563'),('1','566811562_124826374289243'),('1','566811562_161747147248978'),('1','566811562_187214978021204'),('1','566811562_279487345406600');
/*!40000 ALTER TABLE `application_users_has_facebook_feeds` ENABLE KEYS */;
UNLOCK TABLES;

--
-- Table structure for table `application_users_has_facebook_sources`
--

DROP TABLE IF EXISTS `application_users_has_facebook_sources`;
/*!40101 SET @saved_cs_client     = @@character_set_client */;
/*!40101 SET character_set_client = utf8 */;
CREATE TABLE `application_users_has_facebook_sources` (
  `APPLICATION_USERS_PK_USER_ID` varchar(100) NOT NULL,
  `FACEBOOK_SOURCES_PK_FACEBOOK_SOURCE_ID` varchar(100) NOT NULL,
  PRIMARY KEY (`APPLICATION_USERS_PK_USER_ID`,`FACEBOOK_SOURCES_PK_FACEBOOK_SOURCE_ID`),
  KEY `fk_APPLICATION_USERS_has_FACEBOOK_SOURCES_APPLICATION_USERS1` (`APPLICATION_USERS_PK_USER_ID`),
  KEY `fk_APPLICATION_USERS_has_FACEBOOK_SOURCES_FACEBOOK_SOURCES1` (`FACEBOOK_SOURCES_PK_FACEBOOK_SOURCE_ID`),
  CONSTRAINT `fk_APPLICATION_USERS_has_FACEBOOK_SOURCES_APPLICATION_USERS1` FOREIGN KEY (`APPLICATION_USERS_PK_USER_ID`) REFERENCES `application_users` (`PK_USER_ID`) ON DELETE NO ACTION ON UPDATE NO ACTION,
  CONSTRAINT `fk_APPLICATION_USERS_has_FACEBOOK_SOURCES_FACEBOOK_SOURCES1` FOREIGN KEY (`FACEBOOK_SOURCES_PK_FACEBOOK_SOURCE_ID`) REFERENCES `facebook_sources` (`PK_FACEBOOK_SOURCE_ID`) ON DELETE NO ACTION ON UPDATE NO ACTION
) ENGINE=InnoDB DEFAULT CHARSET=utf8;
/*!40101 SET character_set_client = @saved_cs_client */;

--
-- Dumping data for table `application_users_has_facebook_sources`
--

LOCK TABLES `application_users_has_facebook_sources` WRITE;
/*!40000 ALTER TABLE `application_users_has_facebook_sources` DISABLE KEYS */;
INSERT INTO `application_users_has_facebook_sources` VALUES ('1','545564400'),('1','551366621'),('1','553450908'),('1','560464490'),('1','566811562');
/*!40000 ALTER TABLE `application_users_has_facebook_sources` ENABLE KEYS */;
UNLOCK TABLES;

--
-- Table structure for table `application_users_has_keywords`
--

DROP TABLE IF EXISTS `application_users_has_keywords`;
/*!40101 SET @saved_cs_client     = @@character_set_client */;
/*!40101 SET character_set_client = utf8 */;
CREATE TABLE `application_users_has_keywords` (
  `APPLICATION_USERS_PK_USER_ID` varchar(100) NOT NULL,
  `KEYWORDS_PK_KEYWORD_ID` bigint(20) NOT NULL,
  PRIMARY KEY (`APPLICATION_USERS_PK_USER_ID`,`KEYWORDS_PK_KEYWORD_ID`),
  KEY `fk_APPLICATION_USERS_has_KEYWORDS_APPLICATION_USERS1` (`APPLICATION_USERS_PK_USER_ID`),
  KEY `fk_APPLICATION_USERS_has_KEYWORDS_KEYWORDS1` (`KEYWORDS_PK_KEYWORD_ID`),
  CONSTRAINT `fk_APPLICATION_USERS_has_KEYWORDS_APPLICATION_USERS1` FOREIGN KEY (`APPLICATION_USERS_PK_USER_ID`) REFERENCES `application_users` (`PK_USER_ID`) ON DELETE NO ACTION ON UPDATE NO ACTION,
  CONSTRAINT `fk_APPLICATION_USERS_has_KEYWORDS_KEYWORDS1` FOREIGN KEY (`KEYWORDS_PK_KEYWORD_ID`) REFERENCES `keywords` (`PK_KEYWORD_ID`) ON DELETE NO ACTION ON UPDATE NO ACTION
) ENGINE=InnoDB DEFAULT CHARSET=utf8;
/*!40101 SET character_set_client = @saved_cs_client */;

--
-- Dumping data for table `application_users_has_keywords`
--

LOCK TABLES `application_users_has_keywords` WRITE;
/*!40000 ALTER TABLE `application_users_has_keywords` DISABLE KEYS */;
INSERT INTO `application_users_has_keywords` VALUES ('1',1),('1',2),('1',3);
/*!40000 ALTER TABLE `application_users_has_keywords` ENABLE KEYS */;
UNLOCK TABLES;

--
-- Table structure for table `capital_words`
--

DROP TABLE IF EXISTS `capital_words`;
/*!40101 SET @saved_cs_client     = @@character_set_client */;
/*!40101 SET character_set_client = utf8 */;
CREATE TABLE `capital_words` (
  `CAPITAL_WORD_ID` bigint(20) NOT NULL AUTO_INCREMENT,
  `CAPITAL_WORD_VALUE` varchar(50) NOT NULL,
  PRIMARY KEY (`CAPITAL_WORD_ID`)
) ENGINE=InnoDB DEFAULT CHARSET=utf8;
/*!40101 SET character_set_client = @saved_cs_client */;

--
-- Dumping data for table `capital_words`
--

LOCK TABLES `capital_words` WRITE;
/*!40000 ALTER TABLE `capital_words` DISABLE KEYS */;
/*!40000 ALTER TABLE `capital_words` ENABLE KEYS */;
UNLOCK TABLES;

--
-- Table structure for table `facebook_comments`
--

DROP TABLE IF EXISTS `facebook_comments`;
/*!40101 SET @saved_cs_client     = @@character_set_client */;
/*!40101 SET character_set_client = utf8 */;
CREATE TABLE `facebook_comments` (
  `PK_COMMENT_ID` varchar(100) NOT NULL,
  `COMMENT_MESSAGE` varchar(1000) CHARACTER SET utf8 COLLATE utf8_bin NOT NULL,
  `FACEBOOK_FEEDS_PK_FEED_ID` varchar(100) DEFAULT NULL,
  `CREATOR_ID` varchar(100) NOT NULL,
  PRIMARY KEY (`PK_COMMENT_ID`),
  KEY `fk_Facebook_COMMENTS_FACEBOOK_FEEDS1` (`FACEBOOK_FEEDS_PK_FEED_ID`),
  CONSTRAINT `fk_Facebook_COMMENTS_FACEBOOK_FEEDS1` FOREIGN KEY (`FACEBOOK_FEEDS_PK_FEED_ID`) REFERENCES `facebook_feeds` (`PK_FEED_ID`) ON DELETE NO ACTION ON UPDATE NO ACTION
) ENGINE=InnoDB DEFAULT CHARSET=utf8;
/*!40101 SET character_set_client = @saved_cs_client */;

--
-- Dumping data for table `facebook_comments`
--

LOCK TABLES `facebook_comments` WRITE;
/*!40000 ALTER TABLE `facebook_comments` DISABLE KEYS */;
INSERT INTO `facebook_comments` VALUES ('545564400_10150348886274401_19039350','???????? ?????? ???????? ???????? . ?????? ????? ???? ?????? ???.......','545564400_10150348886274401','100000206803515'),('545564400_10150348886274401_19039971','???????? ?????? ??? ?????? ????? ?? ???????? ????? !!!!!!!!!!!!','545564400_10150348886274401','1526994678'),('545564400_10150350046454401_19056945','KALIMAERA GIANNH','545564400_10150350046454401','100001980600368'),('545564400_10150350046454401_19057898','??? ?? ??????? ?????? ??? ?? ?????? ?? ?\'??????? ????????','545564400_10150350046454401','100000113503495'),('545564400_10150352743224401_19093155','??? ??????!','545564400_10150352743224401','716578620'),('545564400_10150352743224401_19093397','kai kryoi tous pairnoume aytoys giannh.etsi me ena fou','545564400_10150352743224401','100001500202553'),('545564400_10150352743224401_19094133','????, ?? ?????? ?? ????????, ?? ?????? 10??, ??? ?? ????? ????? ?? ??????.','545564400_10150352743224401','1261060337'),('545564400_10150356472849401_19137666','???? ????? ?? ????? ??? ??????????!!!','545564400_10150356472849401','100002613678169'),('545564400_10150356472849401_19140801','giati re paidia omos;','545564400_10150356472849401','100001937414003'),('545564400_10150356730459401_19139219','??? ??? ??? ??????? ????? ????? ??? ????????? ??? ??? ??? ??? ?????? ??? ??????!?????','545564400_10150356730459401','1618668440'),('545564400_10150356730459401_19139233','???? loco ???? ???.','545564400_10150356730459401','100002680575542'),('545564400_10150363171819401_19229590','? ? ????? ????????? ?? ??????? ???...??? ??????','545564400_10150363171819401','582108306'),('545564400_10150363171819401_19232145','???????? ??? ?????? ??????? ?? ????????.... ??? ?????? ???? ????? ??? ??????? ????????? ???? ????? ???? ??????? ?? ?????????? ??? ?????????? ??? ?????? !!!!','545564400_10150363171819401','1015550353'),('545564400_10150365678829401_19257193','Kalhmera... auto to tragoudi pou evales pws to lene??','545564400_10150365678829401','1073478909'),('545564400_10150365678829401_19257208','???????? ?????????????? ........??? ?????? !!!!','545564400_10150365678829401','1526994678'),('545564400_10150365682309401_19256534','92.8','545564400_10150365682309401','545564400'),('545564400_10150369659949401_19309841','????? ?? ????? ??? ????? ??? ?????? ??????, ??? ??????, ??? ??????!!!!!!!','545564400_10150369659949401','1446877909'),('545564400_10150369659949401_19310194','???? ?? ?????? ????','545564400_10150369659949401','100001367944944'),('545564400_10150369659949401_19314001','toulaxiston eidame dio goal meta apo kairo.','545564400_10150369659949401','100000113503495'),('545564400_10150371482424401_19341447','??????????? ?? ????','545564400_10150371482424401','100000113503495'),('545564400_10150371482424401_19343752','?? ???????????? ??? ??? ???? ??? ???? ??? ??? ?????? ??? ??? ?? ????????  ? ?  ?  ?  ?  ?   ??? ??? ????.??? ?? ?????? ?? ?? ?????????? ??????????????? ??????????? ??? ????? ??????????? ??? ??????????? ???\'???? ?????? ??????? ??? ???????? ??? ?? ???????? ????   ? ? ?  ? ? ? ? ? ? ? .  ? ?????? ??? ?????.   ? ? ? ? ? ? ? ? ? ?...','545564400_10150371482424401','100001802415487'),('545564400_10150371531219401_19335162','To ????? ??? ??? ????. ?????? ??? ? ?????? ???? ??? ??????? ????????? ???? ???? ?????? ??? ???????? ?? ???????? ??????? ???? ????.','545564400_10150371531219401','1212874552'),('545564400_10150381019089401_19432647','???????? ???...?????? ??? ?? ????!','545564400_10150381019089401','545564400'),('545564400_10150381019089401_19432687','? ??????? ??  ?????? ??????? ???.........','545564400_10150381019089401','100003036238515'),('545564400_10150381019089401_19432846','kalimera fie giannh','545564400_10150381019089401','100001980600368'),('545564400_10150390667374401_19543905','?? ??? ???????? ????... ?? ??????? ??? ???... ???????? ??????... ?????? ???? ???????? ??? ???????????? ??? ?????????? ??? ????? ??? ???????? ?? ???????? ??? ?? ??? ??? ???.... ??? ???? ????????... ????????!!!','545564400_10150390667374401','1339941575'),('545564400_10150390667374401_19544796','guilty club ????!','545564400_10150390667374401','100001582305590'),('545564400_10150394404149401_19566066','???? ?? ???????? ? ???????? ??????? ??? ???????? ????????..????? ? ??????? ??? ????????? ?? ????????..','545564400_10150394404149401','1161092608'),('545564400_10150394404149401_19566288','???? ???? ??????!!!!!!!!!!!!!!!!','545564400_10150394404149401','1672273789'),('545564400_10150396429179401_19582910','Geia sas paidia! apo thn Karlsruhe sthn germania!','545564400_10150396429179401','1384118399'),('545564400_10150396429179401_19582917','Vazo xupnitiria stis 7 gia na mhn sas xano!','545564400_10150396429179401','1384118399'),('545564400_10150398847544401_19600475','gianni to mats me tin athletico itan to 1-0 tou vikelidids prin t paniwnio...','545564400_10150398847544401','100001476503253'),('545564400_10150398847544401_19600489','eidika s ekeino to paixnidi thimisou mia goalara tou ruiz pou tou akirwthike...','545564400_10150398847544401','100001476503253'),('545564400_10150409291324401_19676433','??? ????? ????????? ??.??? ????? ? ???????? ???? ???? ??? 371 ?????.??????? ????? ?? ??????????.','545564400_10150409291324401','561149718'),('545564400_10150409291324401_19676619','???????? ????? ????????..... !!!','545564400_10150409291324401','1015550353'),('545564400_10150409341814401_19675298','?? ????? ?? ?? ?????????? ??? ??????? ?????????? ??? ???? ???????? ??? ????? ??? 1/3 ??? ?????????? ??????? ?????? ? ?????? ???????? ??? ??? ??????????!.. ?? ???? ?????? ???? ??? ?????????? ?????? ????????? ??!..','545564400_10150409341814401','100001067831472'),('545564400_10150409341814401_19675331','????????? ????!!! ??? ??????????.. ??? ???? ???? ??? ?? ????????? ?????? ?????? ?? ???????.. ?? ???? ??????? ?? ????????? ??? ?? ??????? ??? ?????? ????.. ?? ?? ???? ?????? ??? ???????.. ? ??? ???? ??????? ????????? ?? ??????? ????? ?????????!.. ??? ??????????..','545564400_10150409341814401','100001067831472'),('545564400_116705191774189_107472','???? ? ???? ?????? ?? ?????????','545564400_116705191774189','100000113503495'),('545564400_116705191774189_116728','??????????????????????????????????????????????????????????????????????????????????????????????????????????????????????? ?? ???? ?? ?? ?????????????????????????????????????????????????????????????????????????????? ??????? ??????????? ?? ???????? ????? ??????? ?????? ?? ?????????????? ???? ????????????????? ??? ?? ???????...','545564400_116705191774189','100002673744670'),('545564400_184715788284128_912027','ena exw na sou pw...niwtheis apo mousiki...','545564400_184715788284128','100001476503253'),('545564400_184715788284128_912105','????????????????????!!!!','545564400_184715788284128','709887310'),('545564400_189966507753516_1013283','XL RECORDINGS ??? ??????;; ? ????? ??????..http://www.youtube.com/watch?v=5KBZKvkpiZc..','545564400_189966507753516','100003002174087'),('545564400_189966507753516_1013404','KAI AKOMH ENA..http://www.youtube.com/watch?v=TDiZxyKh_EE....','545564400_189966507753516','100003002174087'),('545564400_261282817256517_3382132','???????? ?? ???? ??? ?????, ?? ??? ????????? (?? ???? ???????? ?????) ??? ?? ???????? Live ??? Depeche Mode ?? 2001 ??? ??????...','545564400_261282817256517','545564400'),('545564400_261282817256517_3382133','mas eftiakses ti mera','545564400_261282817256517','597240766'),('545564400_262070287170599_3586801','????????? ???????? ????????!!!! ???? ?? ????????? ??? ????? ??? ??????????? ????? ??? ?????? ??? ??????? ????????????!!! ??? ?? ??????? ?????!','545564400_262070287170599','1321375910'),('545564400_262070287170599_3586802','????? ???? ???????. ??? ????? ??? ???? ??? ??????? ????, ????? ??? ????? ?????????? ??? ?? ??????????? ?? ???? ????...','545564400_262070287170599','545564400'),('545564400_282834191755579_3803375','? ??????? ??? ??????? ????...?????? ????? ????????!!!','545564400_282834191755579','709887310'),('545564400_282834191755579_3803410','auta einai tragoudia ante kalinixta se olous xexe','545564400_282834191755579','100000113503495'),('545564400_289498601068167_4132497','aris eisai','545564400_289498601068167','100001980600368'),('545564400_289498601068167_4132711','?????????????? ????, ??? ?????????, ???? ????????, ???? ??????????, ???? ???? ????????? ??? ????????? ??? ??? ??????.... ???? ????? ???? ??? ????? ???????? ? ??????? ????????? ??? ???????.... ?????????....','545564400_289498601068167','100000529028113'),('545564400_291412420877828_4160487','DESTO','545564400_291412420877828','1346543030'),('545564400_291412420877828_4160505','????????....','545564400_291412420877828','545564400'),('545564400_291412420877828_4168163','?? ??????? ??? ????? ??? \"?? ??????\" ???? ???? ?? ??????, ???? ??? ??? ????? ???? ?????????? ??? ??? ??? ??????! ?? ?????? ???? \"?????\"... ????? ??????, ????? ??? ????????????? ???? ??? ??????...','545564400_291412420877828','1618611665'),('545564400_311727178844279_4670228','??? ????????? ?????????, ???? ??? ????????? ?? ????? ??? ??? \"?????????\" ??? ??????????...','545564400_311727178844279','545564400'),('551366621_100635900054185_1232','ti blepeis re kammene???','551366621_100635900054185','775034095'),('551366621_10150199946626622_17124995','mporei ke na me.....','551366621_10150199946626622','551366621'),('551366621_10150230949161622_17640996','??????? ??? ????? ? ???? ???? ???? :? Respect !!','551366621_10150230949161622','527923811'),('551366621_10150230949161622_17645582','lol','551366621_10150230949161622','551366621'),('551366621_10150234932191622_17724249','by your pool!','551366621_10150234932191622','551366621'),('551366621_10150234932191622_17724907','Ahhh nice!!! Then i\'ll C U there!','551366621_10150234932191622','722325443'),('551366621_10150234932191622_17725477','see u anyway...','551366621_10150234932191622','551366621'),('551366621_10150236667041622_17776980','i am always interested to come there.first i mut give a try somewhere else....tickets r expensve :(.how  s there?','551366621_10150236667041622','551366621'),('551366621_10150238304651622_17789434','u have absolutely no chance in pes11.i am sure i can even beat the japanese producers of the game.in greece there is a big crisis.dont know if u got to know some news.the economy collapsed and soon we are gonna be kissing asses.in sarti things are relaxed.little bit of working.little bit of swimming,rackes,drinks and so on....what r u doin there now_?','551366621_10150238304651622','551366621'),('551366621_10150242837616622_17880296','poso poso?? g na psaksw an aksizei...','551366621_10150242837616622','568771202'),('551366621_10150242837616622_17881631','Were you stoned by joint when you wrote this? :p','551366621_10150242837616622','644566333'),('551366621_10150242864596622_17926144','kalutera toualetas para skopia kai na pernane oloi kai na m lene akomi edw eisai akomi edw eisai???xaxaxaxaxa','551366621_10150242864596622','1805841796'),('551366621_10150242864596622_17926461','omo omo??...part ton p***** mas kai dromo.georgato pare ava,na sou kanei sapounada,ligo xlorini gia to telos ke ela glipse mas to peos.stin kira mas ti kali emeis xarizoume roli.312 araxtoi oloi,o georgatos me fakioli.312 lele.euxaristoume gia tis kathares toulates.','551366621_10150242864596622','551366621'),('551366621_10150249037621622_18035854','ourios!','551366621_10150249037621622','551366621'),('551366621_10150249037621622_18038023','Pros nerou sou tha rtheis?','551366621_10150249037621622','603145317'),('551366621_10150258897846622_18234561','lol.ke go den eixa skopa na ta kratiso/ithela na sta doso piso alla ta ksexasa.me to lastixo ti egine_?pes mou oti t allakses esi...','551366621_10150258897846622','551366621'),('551366621_10150297873916622_18953781','kakomoiro gataki, se ti idiwktith epeses...','551366621_10150297873916622','1127659922'),('551366621_10150297873916622_18954067','xaxaxaxxa','551366621_10150297873916622','551366621'),('551366621_10150297873916622_19182988','thimika to proigumeno pou eixes... gia liges meres :P','551366621_10150297873916622','546759453'),('551366621_10150305261161622_19049929','to gatoulini mou ine teleio!!!!!!!!!!','551366621_10150305261161622','551366621'),('551366621_10150305261161622_19068220','ooo little poor kitten :)','551366621_10150305261161622','1120249579'),('551366621_10150317587736622_19223043','ill visit u someday in saloniki','551366621_10150317587736622','503093155'),('551366621_10150317587736622_19230588','true.unfortunately i am in pelloponisos for the time being.it would be nice to see u after long time.u join the club of unemployed.welcome from the new years eve!!!:)','551366621_10150317587736622','551366621'),('551366621_10150338172436622_19476187','pro.wht job?what do u earn?','551366621_10150338172436622','551366621'),('551366621_10150338172436622_19476191','and take the super olympiacos in your ask!!!!!','551366621_10150338172436622','551366621'),('551366621_10150349411391622_19629273','grrrrr.it was a penalty it was a penalty!!!!the bitch didnt give us','551366621_10150349411391622','551366621'),('551366621_10150917535860497_13019345','lol','551366621_10150917535860497','551366621'),('551366621_133383050090812_452627','?????????? ?????????????','551366621_133383050090812','1110505286'),('551366621_133383050090812_452744','etimasou ke t akousa','551366621_133383050090812','551366621'),('551366621_152717761493201_409373','ta 250 pou xarisa me tis epidoseis mou kei ta pires me xaraktiristiki afeleia','551366621_152717761493201','551366621'),('551366621_152717761493201_409375','axaxaxax siga tous pontous! tha paiksw meta na se kerasw tsagaki ;)','551366621_152717761493201','546723806'),('551366621_260275277328473_3844300','grrrrr','551366621_260275277328473','551366621'),('553450908_10150344079075909_19657297','Yeah! Me too... I remember all the great costumes and especially make-up :-) we were so pretty...','553450908_10150344079075909','100000341355186'),('553450908_10150344079075909_19663660','Yeah, it\'s supposed to be the rule (?)...','553450908_10150344079075909','1550679915'),('553450908_10150353038605909_19774342','?? ?? ???????????! ?????? ????? ??? ??? ????? ???? ??????? ?? ??? ???? ???! ?????!','553450908_10150353038605909','553450908'),('553450908_10150353038605909_19774486','sygnwmi... eftaiksa.....!!!!ps: i alli i kyria pou to paizei paratiritis (Antonia Voskaki) parakalw na stamatisei na pairnei tilefwna kai na me dinei stegna!!!!! eyxaristw!!!!','553450908_10150353038605909','1329166844'),('553450908_10150353038605909_19774553','????, ????!','553450908_10150353038605909','553450908'),('553450908_10150354235440909_19788641','?? ??????? ???????, ?? ???? ?????????? ???! ????? ?????!','553450908_10150354235440909','553450908'),('553450908_10150354235440909_19790215','\"8a zisw eley8ero pouli kai oxi koroido sto klouvi\"!!!! opaaaaa!!!','553450908_10150354235440909','1329166844'),('553450908_10150354235440909_19790328','????! ?? ????? ?? ????????!!!','553450908_10150354235440909','553450908'),('553450908_10150354922855909_19806508','sto yperoxo kai katharo mpalkoni m!!!;-p','553450908_10150354922855909','1482008071'),('553450908_10150354922855909_19806523','ti wra tha rtheis sto spitiko mas??','553450908_10150354922855909','1482008071'),('553450908_10150355909250909_19808800',':(','553450908_10150355909250909','1329166844'),('553450908_10150355909250909_19808864',':\'( ????? ???? ???! ?? ?? ??????? ????????!','553450908_10150355909250909','553450908'),('553450908_10150356388635909_19821462','omg, i am definitely going to cry now.. Such true words.. I do feel alone and unprotected without you.. That is why i see you in my dreams all the time.. And of course, that is why i talk about you to everyone constantly! I terribly miss you, cabron!','553450908_10150356388635909','553450908'),('553450908_10150356388635909_19823233','i have more moments to descrive. Can you come please? Or at least send me a letter :)','553450908_10150356388635909','1581110835'),('553450908_10150359115455909_19855865','?????? ??? ?????????? ///????????!!!','553450908_10150359115455909','1195175542'),('553450908_10150359115455909_19859309','???? ???? ????? ?? ?,?? ??? ?? ??????!! ??????? ? ??????? ??? ???????....','553450908_10150359115455909','801638568'),('553450908_10150363475060909_19907506','?? ?? ???? ??? live ??? ?? ???????????!!!!! ??? ????? ?? ?? ?????!!!!!','553450908_10150363475060909','553450908'),('553450908_10150363475060909_19907521','?????????????? :*','553450908_10150363475060909','1149960365'),('553450908_10150365223190909_19926422','ma giati?einai wraia!!giati  shmasia den exei o proorismos alla to taxidi!!!;--p','553450908_10150365223190909','1482008071'),('553450908_10150365223190909_19926434','????, ??? ??? ?? ???????? ?? ???????? ??? ??? ?? ???? ?? ??????!','553450908_10150365223190909','553450908'),('553450908_10150365223190909_19926453','xaxaxaxaxxaxaxaxa...mazeyw ta dika m!!kanei t idio!!!','553450908_10150365223190909','1482008071'),('553450908_10150366291105909_19941049','komotini eisai agapi mou!!!ti perimeneis!!!auta einai!!se ligo tha perasei k i lewdoreiosunodos me kafe kai krouasanaki!!!','553450908_10150366291105909','100002598585849'),('553450908_10150366291105909_19941641','????? ????!','553450908_10150366291105909','553450908'),('553450908_10150368353220909_19977123','and tortilla de patatas!!!!','553450908_10150368353220909','553450908'),('553450908_10150368353220909_19977589','Stop! Enough ... i feel proud to have you as a rommies. I hope you also be proud of me and al the good time we had.. Please remember and cry!','553450908_10150368353220909','1581110835'),('553450908_10150369266565909_19984788','athina fere mou tis pantoufles mou.','553450908_10150369266565909','689874057'),('553450908_10150369266565909_19984858','athina egw 8a sou fernw tis pantofles de 8a tis zitaw... ftanei na er8eis!!! :P :P','553450908_10150369266565909','1329166844'),('553450908_10150372947595909_20028036','??????? ? ?? ???????! ??????? ?? ????????? ???????? ? ??? celebrity ?????????!! ??? ??? ???? ???????, ?? ??????, ?? ?????, ??? ????? ? ?? ?????, ??????! ???????!','553450908_10150372947595909','553450908'),('553450908_10150372947595909_20035112','??? ?????? ??? ???? ???? ???? ? ????! :p','553450908_10150372947595909','1329166844'),('553450908_10150377475940909_20093316','I hope so too!!!!! :D','553450908_10150377475940909','553450908'),('553450908_10150381163240909_20146352','i know, i know.. ?? ?? ?????? ? ????, ??? ?? ????!!!!!','553450908_10150381163240909','553450908'),('553450908_10150381163240909_20146360','<3','553450908_10150381163240909','1329166844'),('553450908_10150386398270909_20231791','Hahaha, i was sad hearing greece could go out of euro!!','553450908_10150386398270909','1450342834'),('553450908_10150386398270909_20231835','we are more than sad and confused around here..','553450908_10150386398270909','553450908'),('553450908_10150390105635909_20267604','??? ?? ??? http://www.facebook.com/l.php?u=http%3A%2F%2Fwww.youtube.com%2Fwatch%3Fv%3DX71FwjOBHdw%26feature%3Dyoutu.be&h=GAQGZVdR8AQG7REnoYvKWJ_jGg6hDOZbK8C4alXB2UcJEsA','553450908_10150390105635909','1599997314'),('553450908_10150390105635909_20268584','??? ?? ?? ??????! ?? ???? ???? ??? ????? ?????!!!! ? ??????? ????? ???!!!','553450908_10150390105635909','553450908'),('553450908_10150394185880909_20322383','ego to xsekinisa protos...','553450908_10150394185880909','1490181665'),('553450908_10150394185880909_20322386','????????!','553450908_10150394185880909','553450908'),('553450908_10150407127425909_20447773','Oh, mine too! Almost always...','553450908_10150407127425909','1550679915'),('553450908_10150407127425909_20447783','hahahahahahahahahahha!!! that\'s why love is in the air for us!!!! <3','553450908_10150407127425909','553450908'),('553450908_10150407159465909_20458461','xaxaxaxaa ego tous goneis sou skeftome kai to nicoola!','553450908_10150407159465909','1490181665'),('553450908_10150407159465909_20459129','?? ????????? ???? ???? ?????? ????, ?? ?????? ???!','553450908_10150407159465909','553450908'),('553450908_10150411789565909_20499231','hello mr. Leonarde!!!!!','553450908_10150411789565909','553450908'),('553450908_10150412890335909_20514861','?? ?? ???? ?? ????? ???, ??????????','553450908_10150412890335909','553450908'),('553450908_10150412890335909_20515262','don\'t worry!!! me fwtise i antwnia! pare opote mporeis!','553450908_10150412890335909','1329166844'),('553450908_10150415928185909_20536760','msn??','553450908_10150415928185909','1329166844'),('553450908_10150415928185909_20536768','yes!','553450908_10150415928185909','553450908'),('553450908_10150422373765909_20588764','why','553450908_10150422373765909','1581110835'),('553450908_10150422373765909_20588769','just because!!!!! you know, memories come by without asking!!! rude, aren\'t they??? :P','553450908_10150422373765909','553450908'),('553450908_10150430546175909_20651558','?????????!!! ??? ???? ???!!','553450908_10150430546175909','553450908'),('553450908_10150430546175909_20651560','<3 <3','553450908_10150430546175909','538134132'),('553450908_10150433470725909_20673236','This year no snowed Christmast eh :(','553450908_10150433470725909','1450342834'),('553450908_10150433470725909_20673574','no snow every year in Greece, love!!!!','553450908_10150433470725909','553450908'),('553450908_110608935715002_53155','??? ???? ????? ?? ?????!!!!!!','553450908_110608935715002','553450908'),('553450908_110608935715002_54343','tragoudara oooo naiaiaiai!','553450908_110608935715002','1207256188'),('553450908_110608935715002_54451','hahahahahhahhhahah!!!!!! telika oloi kryvoume mia rouvitsa mesa mas!!! hahahahaahhahaha!!!!!','553450908_110608935715002','1329166844'),('553450908_183026221782582_945453','ohhh i used to listen to this song when teenager!! i didnt know somebody knew it! :)','553450908_183026221782582','665307556'),('553450908_183026221782582_946495','yo!!! yo!!!! ya lo se!!!!!! <3','553450908_183026221782582','553450908'),('553450908_183026221782582_946641','jjajajjaja','553450908_183026221782582','665307556'),('553450908_211908348876100_2078617','mesa stin gkrinioeirwnia sas pali..akouste to asma einai kalo...!','553450908_211908348876100','689874057'),('553450908_211908348876100_2078770','kommatara re memo!!!','553450908_211908348876100','1456045714'),('553450908_222061817855357_2508590','mhhhhhh!!!a8hnoula mhhhh!se xreiazomasteeeee!! <3','553450908_222061817855357','538134132'),('553450908_222061817855357_2514601','Gia mena symvainei to akrivws antitheto... Me agxwnete !! Ya kak!','553450908_222061817855357','689874057'),('553450908_230898273633764_2719924','?????? ?? ?????? ???? ???????, ???? ????????! ????????? ?? ???? ???, ?? ?????? ??? ??? ???! ????????? ???!','553450908_230898273633764','553450908'),('553450908_230898273633764_2720857','ton aderfo sou 8a eprepe na euxaristiseis prwta apo ola, autos se efere sto epipedo pou briskesai shmera','553450908_230898273633764','789284117'),('553450908_230898273633764_2720876','???, ????? ?????, ????????????? ? ???????? ??? ???? ??????? ?? ???????? ?? ???? ???? ???? ??? ??????? ???!','553450908_230898273633764','553450908'),('553450908_236074346457369_2515656','???? ????!! ??? ??????? ??? ????? ???!','553450908_236074346457369','553450908'),('553450908_236074346457369_2515719','Viva!','553450908_236074346457369','1450342834'),('553450908_236074346457369_2515722','Viva mi Pedrito!!!','553450908_236074346457369','553450908'),('553450908_239620746105275_2401245','Unfortunally Europe is again a mith as it was in Ancient Greece...','553450908_239620746105275','1450342834'),('553450908_239620746105275_2401250','I have no idea if it is fortunately or unfortunately.. :(','553450908_239620746105275','553450908'),('553450908_249169085134597_3210205','noikokura m esu!!filia sth mhtera k tn pateeera!<3','553450908_249169085134597','538134132'),('553450908_249169085134597_3210206','? ??? ??????? ?????!!!!!','553450908_249169085134597','553450908'),('553450908_261220043914905_3535438','????? ?? ?? ??? ????????????????..','553450908_261220043914905','553450908'),('553450908_261220043914905_3535767','Ego pali... Poulopoulos! (katallhlh epilogi!) :P :P','553450908_261220043914905','553820255'),('553450908_261220043914905_3535805','?????? ????? ????? ???? ?????????!!','553450908_261220043914905','553450908'),('553450908_286448748048799_4251858','??? ???? like ??, ?? ????!!!','553450908_286448748048799','553450908'),('553450908_286448748048799_4251861','ma oute ena comment???','553450908_286448748048799','1329166844'),('553450908_294729890553864_4507077','??????, ????????, ???? ?? ????? ??????!','553450908_294729890553864','553450908'),('553450908_294729890553864_4507086','wutuxws pou to amfi8eatro 8a einai pio gemato, k dn 8a kanoume k toso ais8hsh...','553450908_294729890553864','538134132'),('553450908_307141162638104_4473318','xaxaxaxaxaxaxaxaxaxaxaxaxaxaxa;-p','553450908_307141162638104','1482008071'),('553450908_307141162638104_4475463','poso teleio????','553450908_307141162638104','538134132'),('553450908_315124405168148_4797434','agapame liana...monadiki ;)','553450908_315124405168148','1328227399'),('553450908_315124405168148_4797440','?????????? ????????????!','553450908_315124405168148','553450908'),('553450908_321168667902866_8824907','???? ?? ????, ????????? ???????..','553450908_321168667902866','553450908'),('553450908_321168667902866_8825858','8a sou tragoudao varemena kai 8a gelao endomyxa! :P','553450908_321168667902866','553820255'),('553450908_321168667902866_8825910','.l.','553450908_321168667902866','553450908'),('560464490_179760785404009_2253847','??? ?? ????? ??? ??? ??????!!!!!!','560464490_179760785404009','100001623929250'),('566811562_10150403402806563_20208956','Thanks Elsa!!!!','566811562_10150403402806563','566811562'),('566811562_10150403426521563_20208955','Thanks buddy! i hope all is well!','566811562_10150403426521563','566811562'),('566811562_10150403426521563_20211084','Thx!','566811562_10150403426521563','100000753843952'),('566811562_10150403440811563_20208897','Hey Korina, Euxaristw!','566811562_10150403440811563','566811562'),('566811562_10150403477161563_20208888','Cheers buddy!','566811562_10150403477161563','566811562'),('566811562_10150403498811563_20208890','HEy Stelio, Na\'sai kala!','566811562_10150403498811563','566811562'),('566811562_10150403551636563_20208892','Heheh cheers dude!','566811562_10150403551636563','566811562'),('566811562_10150403576516563_20208906','Hey mate thank you, how is Lyon treating ya?','566811562_10150403576516563','566811562'),('566811562_10150403576516563_20209447','getting cold here now. but life\'s good!!','566811562_10150403576516563','501288722'),('566811562_10150403576516563_20209687','Awesome dude that\'s what i want to hear!','566811562_10150403576516563','566811562'),('566811562_10150403584221563_20208910','Hey Vasili, na\'sai kala!','566811562_10150403584221563','566811562'),('566811562_10150403630196563_20208917','Hey mate, its never too late, thank you! SAy hi to every one for me!','566811562_10150403630196563','566811562'),('566811562_10150403667206563_20208918','Cheers mate!','566811562_10150403667206563','566811562'),('566811562_10150403879456563_20208923','YOu too!','566811562_10150403879456563','566811562'),('566811562_10150403909236563_20208925','Hey Dimitra euxaristw!!','566811562_10150403909236563','566811562'),('566811562_10150404033916563_20208932','HeyEuxaristw! na\'sai kala','566811562_10150404033916563','566811562'),('566811562_10150404063256563_20208930','Hey there!! Thank you!','566811562_10150404063256563','566811562'),('566811562_10150404090671563_20208949','Merci!!!','566811562_10150404090671563','566811562'),('566811562_10150404267741563_20208926','Its ok i\'ll wait for that hug when you get back?!','566811562_10150404267741563','566811562'),('566811562_10150404502466563_20209814','hey there thank you!','566811562_10150404502466563','566811562'),('566811562_10150406640956563_20248540','Ahh, thanks!!','566811562_10150406640956563','566811562'),('566811562_10150412250416563_20317358','I feel your pain','566811562_10150412250416563','652336606'),('566811562_10150412250416563_20317513','beach today would be a good cure','566811562_10150412250416563','566811562'),('566811562_10150422212656563_20450555','Me toooooo :) I love where your head is at :)','566811562_10150422212656563','547514372'),('566811562_10150422212656563_20451050','Sand no hit back','566811562_10150422212656563','669540024'),('566811562_10150422212656563_20470190','Waves do!','566811562_10150422212656563','566811562'),('566811562_10150427896391563_20533300','yes hammers work wonders with physical infrastructure... but the cloud is better','566811562_10150427896391563','558725005'),('566811562_10150427896391563_20533305','in mot cases anyway...','566811562_10150427896391563','558725005'),('566811562_10150430168111563_20568858','Get a GoPro http://gopro.com/','566811562_10150430168111563','521444812'),('566811562_10150430168111563_20570742','thats the next cam i wanna get!','566811562_10150430168111563','566811562'),('566811562_10150430168111563_20714260','Curl curl beach!','566811562_10150430168111563','566811562'),('566811562_10150430168111563_20714432','telia pic!!!!!','566811562_10150430168111563','1130482890'),('566811562_10150438194826563_20680957','i could go for a dawny!','566811562_10150438194826563','566811562'),('566811562_10150438194826563_20680972','At dawn? You are crazy, I was thinking around 10am like last week...','566811562_10150438194826563','520576658'),('566811562_10150438194826563_20681510','CAT!','566811562_10150438194826563','566811562'),('566811562_10150440834421563_20714260','Curl curl beach!','566811562_10150440834421563','566811562'),('566811562_10150440834421563_20714432','telia pic!!!!!','566811562_10150440834421563','1130482890'),('566811562_10150443537376563_20752081','Are you raising money? I\'ll sponsor you! Let me know','566811562_10150443537376563','717208314'),('566811562_10150443537376563_20773406','ill send you the link steph!','566811562_10150443537376563','566811562'),('566811562_10150450509351563_20828407','I got up at 1.00pm and ate chocolate for breakfast *high five for lazy**','566811562_10150450509351563','726921396'),('566811562_10150450509351563_20841090','That is pretty lazy!','566811562_10150450509351563','566811562'),('566811562_10150451910861563_20841417','lmao well if at first you dont succeed.....','566811562_10150451910861563','693185307'),('566811562_10150451910861563_20841421','well i already busted a surf board','566811562_10150451910861563','566811562'),('566811562_10150458733431563_6317846','its still a working progress','566811562_10150458733431563','566811562'),('566811562_10150458733431563_6318049','country bumpkin. ;)','566811562_10150458733431563','683966079'),('566811562_10150462358751563_20950744','OOOOOHHH PAOKARA','566811562_10150462358751563','566811562'),('566811562_10150474132586563_21062417','I concur','566811562_10150474132586563','1184379100'),('566811562_10150474132586563_21062434','3rded ','566811562_10150474132586563','726921396'),('566811562_10150474132586563_21062615','Me tooo','566811562_10150474132586563','650574403'),('566811562_10150477774111563_21092901','How many \"tugs\" did that  require? :P','566811562_10150477774111563','520576658'),('566811562_10150477774111563_21094809','Good morning-im off to bed now. Goodnight from the UK.','566811562_10150477774111563','680378955'),('566811562_10150477774111563_21095671','Tony...you dont wanna know.','566811562_10150477774111563','566811562'),('566811562_10150478253781563_21097198','Good luck !!!!??','566811562_10150478253781563','1457183467'),('566811562_10150478253781563_21097444','hehehe only after my mates wedding','566811562_10150478253781563','566811562'),('566811562_124826374289243_146958','Thanks Markella! i love the birthday card!!!','566811562_124826374289243','566811562'),('566811562_184251831658698_1028843','The sad thing, the runner up opposition guy is going to bitch out. i can just see it!','566811562_184251831658698','566811562'),('566811562_184251831658698_1028847','What i dont get is that, basically its all the goverment people that did the dogies with the cash from the previous guys who were at the helm. Either way, no matter what happens, middle class people pay.','566811562_184251831658698','566811562'),('566811562_184251831658698_1028852','I\'m betting they will do the same when Samara is in there, same song, different name. But they will whinge a lame rap song when Greece is in the drachma.','566811562_184251831658698','566811562'),('566811562_187214978021204_1194732','Haha, I remember seeing this movie when I was in year 12. Funny stuff!','566811562_187214978021204','683966079'),('566811562_187214978021204_1194737','Hehehe it was awesome!','566811562_187214978021204','566811562'),('566811562_237764659618965_2521832','We need Mo Photos! Its halfway through November Kos, get cracking :P','566811562_237764659618965','603651990'),('566811562_237764659618965_2521918','Thanks to all that donated!','566811562_237764659618965','566811562'),('566811562_274185979284126_3512152','Gotta love the euro style','566811562_274185979284126','566811562'),('566811562_279487345406600_3966856','hehe yeahhhh','566811562_279487345406600','566811562');
/*!40000 ALTER TABLE `facebook_comments` ENABLE KEYS */;
UNLOCK TABLES;

--
-- Table structure for table `facebook_comments_downloaded_date`
--

DROP TABLE IF EXISTS `facebook_comments_downloaded_date`;
/*!40101 SET @saved_cs_client     = @@character_set_client */;
/*!40101 SET character_set_client = utf8 */;
CREATE TABLE `facebook_comments_downloaded_date` (
  `FACEBOOK_DOWNLOADINGS_ID` bigint(20) NOT NULL,
  `Facebook_COMMENTS_PK_COMMENT_ID` varchar(100) NOT NULL,
  KEY `fk_FACEBOOK_COMMENTS_DOWNLOADED_DATE_FACEBOOK_DOWNLOADINGS1` (`FACEBOOK_DOWNLOADINGS_ID`),
  KEY `fk_FACEBOOK_COMMENTS_DOWNLOADED_DATE_Facebook_COMMENTS1` (`Facebook_COMMENTS_PK_COMMENT_ID`),
  CONSTRAINT `fk_FACEBOOK_COMMENTS_DOWNLOADED_DATE_Facebook_COMMENTS1` FOREIGN KEY (`Facebook_COMMENTS_PK_COMMENT_ID`) REFERENCES `facebook_comments` (`PK_COMMENT_ID`) ON DELETE NO ACTION ON UPDATE NO ACTION,
  CONSTRAINT `fk_FACEBOOK_COMMENTS_DOWNLOADED_DATE_FACEBOOK_DOWNLOADINGS1` FOREIGN KEY (`FACEBOOK_DOWNLOADINGS_ID`) REFERENCES `facebook_downloadings` (`ID`) ON DELETE NO ACTION ON UPDATE NO ACTION
) ENGINE=InnoDB DEFAULT CHARSET=utf8;
/*!40101 SET character_set_client = @saved_cs_client */;

--
-- Dumping data for table `facebook_comments_downloaded_date`
--

LOCK TABLES `facebook_comments_downloaded_date` WRITE;
/*!40000 ALTER TABLE `facebook_comments_downloaded_date` DISABLE KEYS */;
INSERT INTO `facebook_comments_downloaded_date` VALUES (1,'545564400_10150348886274401_19039350'),(1,'545564400_10150348886274401_19039971'),(1,'545564400_10150350046454401_19056945'),(1,'545564400_10150350046454401_19057898'),(1,'545564400_10150348886274401_19039350'),(1,'545564400_10150348886274401_19039971'),(1,'545564400_10150350046454401_19056945'),(1,'545564400_10150350046454401_19057898'),(1,'545564400_10150348886274401_19039350'),(1,'545564400_10150348886274401_19039971'),(1,'545564400_10150350046454401_19056945'),(1,'545564400_10150350046454401_19057898'),(1,'545564400_10150348886274401_19039350'),(1,'545564400_10150348886274401_19039971'),(1,'545564400_10150350046454401_19056945'),(1,'545564400_10150350046454401_19057898'),(8,'545564400_10150348886274401_19039350'),(8,'545564400_10150348886274401_19039971'),(8,'545564400_10150350046454401_19056945'),(8,'545564400_10150350046454401_19057898'),(9,'545564400_10150381019089401_19432647'),(9,'545564400_10150381019089401_19432687'),(9,'545564400_10150381019089401_19432846'),(9,'545564400_261282817256517_3382132'),(9,'545564400_261282817256517_3382133'),(9,'545564400_10150371531219401_19335162'),(9,'545564400_10150371482424401_19341447'),(9,'545564400_10150371482424401_19343752'),(9,'545564400_116705191774189_107472'),(9,'545564400_116705191774189_116728'),(9,'545564400_10150369659949401_19309841'),(9,'545564400_10150369659949401_19310194'),(9,'545564400_10150369659949401_19314001'),(9,'545564400_10150365682309401_19256534'),(9,'545564400_10150365678829401_19257193'),(9,'545564400_10150365678829401_19257208'),(10,'551366621_10150349411391622_19629273'),(10,'551366621_152717761493201_409373'),(10,'551366621_152717761493201_409375'),(10,'551366621_10150917535860497_13019345'),(10,'551366621_10150338172436622_19476187'),(10,'551366621_10150338172436622_19476191'),(11,'553450908_236074346457369_2515656'),(11,'553450908_236074346457369_2515719'),(11,'553450908_236074346457369_2515722'),(11,'553450908_10150394185880909_20322383'),(11,'553450908_10150394185880909_20322386'),(11,'553450908_183026221782582_945453'),(11,'553450908_183026221782582_946495'),(11,'553450908_183026221782582_946641'),(11,'553450908_315124405168148_4797434'),(11,'553450908_315124405168148_4797440'),(11,'553450908_10150390105635909_20267604'),(11,'553450908_10150390105635909_20268584'),(11,'553450908_10150386398270909_20231791'),(11,'553450908_10150386398270909_20231835'),(11,'553450908_10150381163240909_20146352'),(11,'553450908_10150381163240909_20146360'),(11,'553450908_10150377475940909_20093316'),(11,'553450908_10150372947595909_20028036'),(11,'553450908_10150372947595909_20035112'),(11,'553450908_10150369266565909_19984788'),(11,'553450908_10150369266565909_19984858'),(11,'553450908_10150368353220909_19977123'),(11,'553450908_10150368353220909_19977589'),(11,'553450908_261220043914905_3535438'),(11,'553450908_261220043914905_3535767'),(11,'553450908_261220043914905_3535805'),(11,'553450908_10150366291105909_19941049'),(11,'553450908_10150366291105909_19941641'),(11,'553450908_10150365223190909_19926422'),(11,'553450908_10150365223190909_19926434'),(11,'553450908_10150365223190909_19926453'),(11,'553450908_10150363475060909_19907506'),(11,'553450908_10150363475060909_19907521'),(12,'560464490_179760785404009_2253847'),(13,'566811562_10150451910861563_20841417'),(13,'566811562_10150451910861563_20841421'),(13,'566811562_10150450509351563_20828407'),(13,'566811562_10150450509351563_20841090'),(13,'566811562_184251831658698_1028843'),(13,'566811562_184251831658698_1028847'),(13,'566811562_184251831658698_1028852'),(13,'566811562_10150443537376563_20752081'),(13,'566811562_10150443537376563_20773406'),(13,'566811562_10150440834421563_20714260'),(13,'566811562_10150440834421563_20714432'),(13,'566811562_10150438194826563_20680957'),(13,'566811562_10150438194826563_20680972'),(13,'566811562_10150438194826563_20681510'),(13,'566811562_10150430168111563_20714260'),(13,'566811562_10150430168111563_20714432'),(13,'566811562_10150427896391563_20533300'),(13,'566811562_10150427896391563_20533305'),(13,'566811562_10150422212656563_20450555'),(13,'566811562_10150422212656563_20451050'),(13,'566811562_10150422212656563_20470190'),(13,'566811562_279487345406600_3966856'),(13,'566811562_10150412250416563_20317358'),(13,'566811562_10150412250416563_20317513'),(13,'566811562_187214978021204_1194732'),(13,'566811562_187214978021204_1194737'),(13,'566811562_10150406640956563_20248540'),(13,'566811562_10150404502466563_20209814'),(13,'566811562_10150404267741563_20208926'),(13,'566811562_10150404090671563_20208949'),(13,'566811562_10150404063256563_20208930'),(13,'566811562_10150404033916563_20208932'),(13,'566811562_10150403909236563_20208925');
/*!40000 ALTER TABLE `facebook_comments_downloaded_date` ENABLE KEYS */;
UNLOCK TABLES;

--
-- Table structure for table `facebook_downloadings`
--

DROP TABLE IF EXISTS `facebook_downloadings`;
/*!40101 SET @saved_cs_client     = @@character_set_client */;
/*!40101 SET character_set_client = utf8 */;
CREATE TABLE `facebook_downloadings` (
  `ID` bigint(20) NOT NULL AUTO_INCREMENT,
  `DATE` varchar(45) NOT NULL,
  `APPLICATION_USERS_PK_USER_ID` varchar(100) NOT NULL,
  PRIMARY KEY (`ID`),
  KEY `fk_FACEBOOK_DOWNLOADINGS_APPLICATION_USERS1` (`APPLICATION_USERS_PK_USER_ID`),
  CONSTRAINT `fk_FACEBOOK_DOWNLOADINGS_APPLICATION_USERS1` FOREIGN KEY (`APPLICATION_USERS_PK_USER_ID`) REFERENCES `application_users` (`PK_USER_ID`) ON DELETE NO ACTION ON UPDATE NO ACTION
) ENGINE=InnoDB AUTO_INCREMENT=14 DEFAULT CHARSET=utf8;
/*!40101 SET character_set_client = @saved_cs_client */;

--
-- Dumping data for table `facebook_downloadings`
--

LOCK TABLES `facebook_downloadings` WRITE;
/*!40000 ALTER TABLE `facebook_downloadings` DISABLE KEYS */;
INSERT INTO `facebook_downloadings` VALUES (1,'Mon Nov 14 22:10:20 EET 2011','1'),(2,'Mon Nov 14 22:11:20 EET 2011','1'),(3,'Mon Nov 14 22:12:20 EET 2011','1'),(4,'Mon Nov 14 22:13:20 EET 2011','1'),(5,'Mon Nov 14 22:14:20 EET 2011','1'),(6,'Mon Nov 14 22:19:20 EET 2011','1'),(7,'Mon Nov 14 22:20:44 EET 2011','1'),(8,'Mon Nov 14 22:22:46 EET 2011','1'),(9,'Mon Nov 14 22:46:49 EET 2011','1'),(10,'Mon Nov 14 22:46:52 EET 2011','1'),(11,'Mon Nov 14 22:46:55 EET 2011','1'),(12,'Mon Nov 14 22:46:58 EET 2011','1'),(13,'Mon Nov 14 22:47:00 EET 2011','1');
/*!40000 ALTER TABLE `facebook_downloadings` ENABLE KEYS */;
UNLOCK TABLES;

--
-- Temporary table structure for view `facebook_feed_keywords_view`
--

DROP TABLE IF EXISTS `facebook_feed_keywords_view`;
/*!50001 DROP VIEW IF EXISTS `facebook_feed_keywords_view`*/;
SET @saved_cs_client     = @@character_set_client;
SET character_set_client = utf8;
/*!50001 CREATE TABLE `facebook_feed_keywords_view` (
  `KEYWORDS` varchar(100),
  `FEED_TYPE` varchar(45),
  `PK_FEED_ID` varchar(100),
  `USERS` varchar(100)
) ENGINE=MyISAM */;
SET character_set_client = @saved_cs_client;

--
-- Table structure for table `facebook_feeds`
--

DROP TABLE IF EXISTS `facebook_feeds`;
/*!40101 SET @saved_cs_client     = @@character_set_client */;
/*!40101 SET character_set_client = utf8 */;
CREATE TABLE `facebook_feeds` (
  `PK_FEED_ID` varchar(100) NOT NULL,
  `TYPE` varchar(45) NOT NULL,
  PRIMARY KEY (`PK_FEED_ID`)
) ENGINE=InnoDB DEFAULT CHARSET=utf8;
/*!40101 SET character_set_client = @saved_cs_client */;

--
-- Dumping data for table `facebook_feeds`
--

LOCK TABLES `facebook_feeds` WRITE;
/*!40000 ALTER TABLE `facebook_feeds` DISABLE KEYS */;
INSERT INTO `facebook_feeds` VALUES ('545564400_10150337641464401','StatusMessage'),('545564400_10150337654104401','StatusMessage'),('545564400_10150337665334401','StatusMessage'),('545564400_10150338900184401','StatusMessage'),('545564400_10150338949374401','StatusMessage'),('545564400_10150340158519401','StatusMessage'),('545564400_10150340170679401','StatusMessage'),('545564400_10150340177854401','StatusMessage'),('545564400_10150340181044401','StatusMessage'),('545564400_10150340184729401','StatusMessage'),('545564400_10150340188084401','StatusMessage'),('545564400_10150340213504401','StatusMessage'),('545564400_10150341439104401','StatusMessage'),('545564400_10150341451344401','StatusMessage'),('545564400_10150341459109401','StatusMessage'),('545564400_10150341465159401','StatusMessage'),('545564400_10150342644159401','StatusMessage'),('545564400_10150342686534401','StatusMessage'),('545564400_10150342696989401','StatusMessage'),('545564400_10150343490829401','StatusMessage'),('545564400_10150346438339401','StatusMessage'),('545564400_10150348886274401','StatusMessage'),('545564400_10150348955824401','StatusMessage'),('545564400_10150348976239401','StatusMessage'),('545564400_10150348977259401','StatusMessage'),('545564400_10150348981094401','StatusMessage'),('545564400_10150348992709401','StatusMessage'),('545564400_10150348993884401','StatusMessage'),('545564400_10150350046454401','StatusMessage'),('545564400_10150350107289401','StatusMessage'),('545564400_10150350110419401','StatusMessage'),('545564400_10150350119749401','StatusMessage'),('545564400_10150350123094401','StatusMessage'),('545564400_10150350134389401','StatusMessage'),('545564400_10150350141299401','StatusMessage'),('545564400_10150350148499401','StatusMessage'),('545564400_10150350150014401','StatusMessage'),('545564400_10150350153309401','StatusMessage'),('545564400_10150351173384401','StatusMessage'),('545564400_10150352743224401','StatusMessage'),('545564400_10150355196534401','Link'),('545564400_10150355199644401','Link'),('545564400_10150356472849401','StatusMessage'),('545564400_10150356730459401','StatusMessage'),('545564400_10150357411119401','StatusMessage'),('545564400_10150357418514401','StatusMessage'),('545564400_10150357420764401','StatusMessage'),('545564400_10150357424854401','StatusMessage'),('545564400_10150357437069401','StatusMessage'),('545564400_10150357439099401','StatusMessage'),('545564400_10150357441044401','StatusMessage'),('545564400_10150357441554401','StatusMessage'),('545564400_10150357546144401','StatusMessage'),('545564400_10150357992134857','Picture'),('545564400_10150357993349857','Picture'),('545564400_10150358580039401','StatusMessage'),('545564400_10150358593244401','StatusMessage'),('545564400_10150360484199401','StatusMessage'),('545564400_10150363171819401','StatusMessage'),('545564400_10150365659769401','StatusMessage'),('545564400_10150365678829401','StatusMessage'),('545564400_10150365682309401','StatusMessage'),('545564400_10150365695989401','StatusMessage'),('545564400_10150365767774401','StatusMessage'),('545564400_10150366537149401','Link'),('545564400_10150366907629401','StatusMessage'),('545564400_10150366922534401','StatusMessage'),('545564400_10150366925049401','StatusMessage'),('545564400_10150368094879401','StatusMessage'),('545564400_10150368557029401','StatusMessage'),('545564400_10150369659949401','StatusMessage'),('545564400_10150371482424401','StatusMessage'),('545564400_10150371531219401','StatusMessage'),('545564400_10150373304729401','StatusMessage'),('545564400_10150375907079401','StatusMessage'),('545564400_10150377590349401','StatusMessage'),('545564400_10150381019089401','StatusMessage'),('545564400_10150381060164401','StatusMessage'),('545564400_10150382962654401','StatusMessage'),('545564400_10150390667374401','StatusMessage'),('545564400_10150390674934401','StatusMessage'),('545564400_10150390716999401','StatusMessage'),('545564400_10150394404149401','StatusMessage'),('545564400_10150394453039401','StatusMessage'),('545564400_10150394550889401','StatusMessage'),('545564400_10150396429179401','StatusMessage'),('545564400_10150396471729401','StatusMessage'),('545564400_10150398847544401','StatusMessage'),('545564400_10150400793594401','StatusMessage'),('545564400_10150400862054401','StatusMessage'),('545564400_10150400876409401','StatusMessage'),('545564400_10150402802269401','StatusMessage'),('545564400_10150403008789401','StatusMessage'),('545564400_10150409291324401','StatusMessage'),('545564400_10150409331014401','StatusMessage'),('545564400_10150409341814401','StatusMessage'),('545564400_10150409383259401','StatusMessage'),('545564400_116705191774189','Link'),('545564400_129736757130585','Video'),('545564400_131433236963031','Video'),('545564400_138217312952786','Video'),('545564400_150753638356201','Video'),('545564400_184715788284128','Video'),('545564400_188192647928608','Link'),('545564400_189966507753516','Video'),('545564400_261282817256517','Video'),('545564400_262070287170599','Video'),('545564400_282834191755579','Video'),('545564400_287585351262424','Video'),('545564400_289498601068167','Video'),('545564400_290662400955341','Video'),('545564400_291412420877828','Video'),('545564400_309837815711309','Link'),('545564400_311179182245144','Video'),('545564400_311727178844279','Video'),('545564400_317888404890059','Video'),('551366621_100635900054185','Video'),('551366621_10150199946626622','StatusMessage'),('551366621_10150204921446622','Link'),('551366621_10150204926226622','Link'),('551366621_10150230949161622','StatusMessage'),('551366621_10150234932191622','StatusMessage'),('551366621_10150236667041622','StatusMessage'),('551366621_10150238304651622','StatusMessage'),('551366621_10150241323271622','Link'),('551366621_10150242837616622','StatusMessage'),('551366621_10150242864596622','StatusMessage'),('551366621_10150249037621622','StatusMessage'),('551366621_10150250055621622','Link'),('551366621_10150251858646622','StatusMessage'),('551366621_10150252563211622','StatusMessage'),('551366621_10150258897846622','StatusMessage'),('551366621_10150297873916622','Picture'),('551366621_10150305261161622','Video'),('551366621_10150317587736622','StatusMessage'),('551366621_10150338172436622','StatusMessage'),('551366621_10150348219456622','StatusMessage'),('551366621_10150349411391622','StatusMessage'),('551366621_10150357169816622','Picture'),('551366621_10150391071666622','Link'),('551366621_10150917535860497','Picture'),('551366621_110499179061487','Video'),('551366621_112771455501053','Link'),('551366621_128101513962572','Link'),('551366621_133383050090812','Video'),('551366621_152717761493201','Link'),('551366621_169497429809750','Link'),('551366621_177488275671843','Link'),('551366621_189609517783197','Link'),('551366621_194209577322867','Link'),('551366621_209257225813582','Link'),('551366621_213429668727520','Link'),('551366621_214582918607375','Link'),('551366621_224239387643106','Link'),('551366621_225754187486725','Link'),('551366621_229451847118226','Link'),('551366621_229858163742447','Link'),('551366621_231628083552747','Video'),('551366621_232295806833323','Link'),('551366621_238053209587858','Link'),('551366621_251961348190049','Link'),('551366621_252098748171740','Link'),('551366621_258906944160460','Link'),('551366621_260275277328473','Video'),('551366621_264080923628556','Link'),('551366621_264256660277180','Link'),('551366621_271303782907789','Link'),('551366621_286358904719970','Link'),('551366621_290086077675151','Video'),('551366621_309079619118860','Video'),('551366621_311852052162447','Link'),('551366621_314496538566265','Link'),('553450908_10150341278700909','Picture'),('553450908_10150344079075909','StatusMessage'),('553450908_10150346369985909','Picture'),('553450908_10150351031640909','Picture'),('553450908_10150353038605909','StatusMessage'),('553450908_10150354235440909','StatusMessage'),('553450908_10150354648950909','Picture'),('553450908_10150354922855909','StatusMessage'),('553450908_10150355909250909','StatusMessage'),('553450908_10150356388635909','StatusMessage'),('553450908_10150359115455909','StatusMessage'),('553450908_10150363475060909','StatusMessage'),('553450908_10150365223190909','StatusMessage'),('553450908_10150366291105909','StatusMessage'),('553450908_10150368353220909','StatusMessage'),('553450908_10150369266565909','StatusMessage'),('553450908_10150372947595909','StatusMessage'),('553450908_10150377475940909','StatusMessage'),('553450908_10150380186710909','StatusMessage'),('553450908_10150381163240909','StatusMessage'),('553450908_10150386398270909','StatusMessage'),('553450908_10150390105635909','StatusMessage'),('553450908_10150394185880909','StatusMessage'),('553450908_10150395612975909','StatusMessage'),('553450908_10150407127425909','StatusMessage'),('553450908_10150407159465909','StatusMessage'),('553450908_10150411789565909','StatusMessage'),('553450908_10150412890335909','StatusMessage'),('553450908_10150415928185909','StatusMessage'),('553450908_10150422373765909','StatusMessage'),('553450908_10150424601360909','Picture'),('553450908_10150430546175909','StatusMessage'),('553450908_10150433470725909','StatusMessage'),('553450908_110608935715002','Video'),('553450908_137568573009677','Link'),('553450908_166066853487148','Link'),('553450908_167063673386175','Video'),('553450908_170490326371940','Video'),('553450908_173395896078119','Video'),('553450908_175944745828988','Video'),('553450908_183026221782582','Video'),('553450908_202495179826219','Video'),('553450908_211908348876100','Video'),('553450908_219435488129016','Link'),('553450908_222061817855357','Link'),('553450908_230898273633764','Video'),('553450908_236074346457369','Link'),('553450908_239620746105275','Link'),('553450908_246269602100170','Video'),('553450908_249169085134597','Video'),('553450908_261220043914905','Video'),('553450908_276004509109067','Link'),('553450908_286448748048799','Link'),('553450908_286954361336318','Video'),('553450908_292155400795916','Video'),('553450908_294729890553864','Video'),('553450908_307135385965944','Video'),('553450908_307141162638104','Video'),('553450908_315124405168148','Video'),('553450908_321168667902866','Video'),('560464490_10150101872699491','Link'),('560464490_10150292426684491','Link'),('560464490_10150327151544491','StatusMessage'),('560464490_122095057865572','Link'),('560464490_141302322598480','Link'),('560464490_160330060690148','Video'),('560464490_179760785404009','Video'),('560464490_1896746428188','Picture'),('560464490_189835087722787','Link'),('560464490_195880747102476','Link'),('560464490_201969023168629','Video'),('560464490_501948384490','StatusMessage'),('560464490_501949224490','StatusMessage'),('560464490_501979544490','StatusMessage'),('560464490_502028089490','StatusMessage'),('566811562_10150403402806563','StatusMessage'),('566811562_10150403426521563','StatusMessage'),('566811562_10150403437406563','StatusMessage'),('566811562_10150403440811563','StatusMessage'),('566811562_10150403477161563','StatusMessage'),('566811562_10150403498811563','StatusMessage'),('566811562_10150403551636563','StatusMessage'),('566811562_10150403576516563','StatusMessage'),('566811562_10150403584221563','StatusMessage'),('566811562_10150403630196563','StatusMessage'),('566811562_10150403667206563','StatusMessage'),('566811562_10150403879456563','StatusMessage'),('566811562_10150403909236563','StatusMessage'),('566811562_10150404033916563','StatusMessage'),('566811562_10150404063256563','StatusMessage'),('566811562_10150404090671563','StatusMessage'),('566811562_10150404267741563','StatusMessage'),('566811562_10150404502466563','StatusMessage'),('566811562_10150406640956563','StatusMessage'),('566811562_10150408210326563','StatusMessage'),('566811562_10150412250416563','StatusMessage'),('566811562_10150416871341563','Picture'),('566811562_10150420327751563','StatusMessage'),('566811562_10150422212656563','StatusMessage'),('566811562_10150427896391563','StatusMessage'),('566811562_10150430168111563','Picture'),('566811562_10150431117801563','StatusMessage'),('566811562_10150432369546563','Picture'),('566811562_10150438194826563','StatusMessage'),('566811562_10150440834421563','Picture'),('566811562_10150443537376563','StatusMessage'),('566811562_10150450509351563','StatusMessage'),('566811562_10150451910861563','StatusMessage'),('566811562_10150458733431563','Picture'),('566811562_10150458870671563','Picture'),('566811562_10150462358751563','StatusMessage'),('566811562_10150463905221563','StatusMessage'),('566811562_10150474132586563','StatusMessage'),('566811562_10150477774111563','StatusMessage'),('566811562_10150478253781563','StatusMessage'),('566811562_124826374289243','Video'),('566811562_161747147248978','Link'),('566811562_184251831658698','Video'),('566811562_187214978021204','Video'),('566811562_237764659618965','Link'),('566811562_274185979284126','Link'),('566811562_279487345406600','Video');
/*!40000 ALTER TABLE `facebook_feeds` ENABLE KEYS */;
UNLOCK TABLES;

--
-- Table structure for table `facebook_feeds_downlaoded_date`
--

DROP TABLE IF EXISTS `facebook_feeds_downlaoded_date`;
/*!40101 SET @saved_cs_client     = @@character_set_client */;
/*!40101 SET character_set_client = utf8 */;
CREATE TABLE `facebook_feeds_downlaoded_date` (
  `FACEBOOK_DOWNLOADINGS_ID` bigint(20) NOT NULL,
  `FACEBOOK_FEEDS_PK_FEED_ID` varchar(100) NOT NULL,
  KEY `fk_FACEBOOK_FEEDS_DOWNLAODED_DATE_FACEBOOK_DOWNLOADINGS1` (`FACEBOOK_DOWNLOADINGS_ID`),
  KEY `fk_FACEBOOK_FEEDS_DOWNLAODED_DATE_FACEBOOK_FEEDS1` (`FACEBOOK_FEEDS_PK_FEED_ID`),
  CONSTRAINT `fk_FACEBOOK_FEEDS_DOWNLAODED_DATE_FACEBOOK_DOWNLOADINGS1` FOREIGN KEY (`FACEBOOK_DOWNLOADINGS_ID`) REFERENCES `facebook_downloadings` (`ID`) ON DELETE NO ACTION ON UPDATE NO ACTION,
  CONSTRAINT `fk_FACEBOOK_FEEDS_DOWNLAODED_DATE_FACEBOOK_FEEDS1` FOREIGN KEY (`FACEBOOK_FEEDS_PK_FEED_ID`) REFERENCES `facebook_feeds` (`PK_FEED_ID`) ON DELETE NO ACTION ON UPDATE NO ACTION
) ENGINE=InnoDB DEFAULT CHARSET=utf8;
/*!40101 SET character_set_client = @saved_cs_client */;

--
-- Dumping data for table `facebook_feeds_downlaoded_date`
--

LOCK TABLES `facebook_feeds_downlaoded_date` WRITE;
/*!40000 ALTER TABLE `facebook_feeds_downlaoded_date` DISABLE KEYS */;
INSERT INTO `facebook_feeds_downlaoded_date` VALUES (1,'545564400_10150337641464401'),(1,'545564400_10150337654104401'),(1,'545564400_10150337665334401'),(1,'545564400_10150338900184401'),(1,'545564400_10150337641464401'),(1,'545564400_10150337654104401'),(1,'545564400_10150337665334401'),(1,'545564400_10150338900184401'),(1,'545564400_10150337641464401'),(1,'545564400_10150337654104401'),(1,'545564400_10150337665334401'),(1,'545564400_10150338900184401'),(1,'545564400_10150337641464401'),(1,'545564400_10150337654104401'),(1,'545564400_10150337665334401'),(1,'545564400_10150338900184401'),(8,'545564400_10150337641464401'),(8,'545564400_10150337654104401'),(8,'545564400_10150337665334401'),(8,'545564400_10150338900184401'),(9,'545564400_10150382962654401'),(9,'545564400_10150381060164401'),(9,'545564400_10150381019089401'),(9,'545564400_290662400955341'),(9,'545564400_10150377590349401'),(9,'545564400_10150375907079401'),(9,'545564400_188192647928608'),(9,'545564400_261282817256517'),(9,'545564400_10150373304729401'),(9,'545564400_10150371531219401'),(9,'545564400_10150371482424401'),(9,'545564400_116705191774189'),(9,'545564400_287585351262424'),(9,'545564400_10150369659949401'),(9,'545564400_10150368557029401'),(9,'545564400_10150368094879401'),(9,'545564400_10150366925049401'),(9,'545564400_10150366922534401'),(9,'545564400_10150366907629401'),(9,'545564400_10150366537149401'),(9,'545564400_10150365767774401'),(9,'545564400_10150365695989401'),(9,'545564400_10150365682309401'),(9,'545564400_10150365678829401'),(9,'545564400_10150365659769401'),(10,'551366621_309079619118860'),(10,'551366621_10150357169816622'),(10,'551366621_224239387643106'),(10,'551366621_311852052162447'),(10,'551366621_252098748171740'),(10,'551366621_177488275671843'),(10,'551366621_232295806833323'),(10,'551366621_213429668727520'),(10,'551366621_112771455501053'),(10,'551366621_169497429809750'),(10,'551366621_238053209587858'),(10,'551366621_10150349411391622'),(10,'551366621_314496538566265'),(10,'551366621_286358904719970'),(10,'551366621_152717761493201'),(10,'551366621_229451847118226'),(10,'551366621_10150348219456622'),(10,'551366621_10150917535860497'),(10,'551366621_194209577322867'),(10,'551366621_209257225813582'),(10,'551366621_229858163742447'),(10,'551366621_264256660277180'),(10,'551366621_110499179061487'),(10,'551366621_10150338172436622'),(10,'551366621_189609517783197'),(11,'553450908_236074346457369'),(11,'553450908_175944745828988'),(11,'553450908_10150395612975909'),(11,'553450908_307135385965944'),(11,'553450908_286954361336318'),(11,'553450908_10150394185880909'),(11,'553450908_183026221782582'),(11,'553450908_315124405168148'),(11,'553450908_10150390105635909'),(11,'553450908_10150386398270909'),(11,'553450908_10150381163240909'),(11,'553450908_10150380186710909'),(11,'553450908_167063673386175'),(11,'553450908_166066853487148'),(11,'553450908_10150377475940909'),(11,'553450908_10150372947595909'),(11,'553450908_10150369266565909'),(11,'553450908_137568573009677'),(11,'553450908_10150368353220909'),(11,'553450908_261220043914905'),(11,'553450908_10150366291105909'),(11,'553450908_10150365223190909'),(11,'553450908_170490326371940'),(11,'553450908_10150363475060909'),(11,'553450908_173395896078119'),(12,'560464490_10150327151544491'),(12,'560464490_10150292426684491'),(12,'560464490_1896746428188'),(12,'560464490_201969023168629'),(12,'560464490_122095057865572'),(12,'560464490_160330060690148'),(12,'560464490_179760785404009'),(12,'560464490_189835087722787'),(12,'560464490_195880747102476'),(12,'560464490_141302322598480'),(12,'560464490_10150101872699491'),(12,'560464490_502028089490'),(12,'560464490_501979544490'),(12,'560464490_501949224490'),(12,'560464490_501948384490'),(13,'566811562_10150451910861563'),(13,'566811562_10150450509351563'),(13,'566811562_184251831658698'),(13,'566811562_10150443537376563'),(13,'566811562_10150440834421563'),(13,'566811562_10150438194826563'),(13,'566811562_10150432369546563'),(13,'566811562_10150431117801563'),(13,'566811562_10150430168111563'),(13,'566811562_10150427896391563'),(13,'566811562_10150422212656563'),(13,'566811562_10150420327751563'),(13,'566811562_10150416871341563'),(13,'566811562_279487345406600'),(13,'566811562_10150412250416563'),(13,'566811562_187214978021204'),(13,'566811562_10150408210326563'),(13,'566811562_10150406640956563'),(13,'566811562_161747147248978'),(13,'566811562_10150404502466563'),(13,'566811562_10150404267741563'),(13,'566811562_10150404090671563'),(13,'566811562_10150404063256563'),(13,'566811562_10150404033916563'),(13,'566811562_10150403909236563');
/*!40000 ALTER TABLE `facebook_feeds_downlaoded_date` ENABLE KEYS */;
UNLOCK TABLES;

--
-- Table structure for table `facebook_feeds_has_capital_words`
--

DROP TABLE IF EXISTS `facebook_feeds_has_capital_words`;
/*!40101 SET @saved_cs_client     = @@character_set_client */;
/*!40101 SET character_set_client = utf8 */;
CREATE TABLE `facebook_feeds_has_capital_words` (
  `FACEBOOK_FEEDS_PK_FEED_ID` varchar(100) NOT NULL,
  `CAPITAL_WORDS_CAPITAL_WORD_ID` bigint(20) NOT NULL,
  PRIMARY KEY (`FACEBOOK_FEEDS_PK_FEED_ID`,`CAPITAL_WORDS_CAPITAL_WORD_ID`),
  KEY `fk_FACEBOOK_FEEDS_has_CAPITAL_WORDS_FACEBOOK_FEEDS1` (`FACEBOOK_FEEDS_PK_FEED_ID`),
  KEY `fk_FACEBOOK_FEEDS_has_CAPITAL_WORDS_CAPITAL_WORDS1` (`CAPITAL_WORDS_CAPITAL_WORD_ID`)
) ENGINE=MyISAM DEFAULT CHARSET=utf8;
/*!40101 SET character_set_client = @saved_cs_client */;

--
-- Dumping data for table `facebook_feeds_has_capital_words`
--

LOCK TABLES `facebook_feeds_has_capital_words` WRITE;
/*!40000 ALTER TABLE `facebook_feeds_has_capital_words` DISABLE KEYS */;
/*!40000 ALTER TABLE `facebook_feeds_has_capital_words` ENABLE KEYS */;
UNLOCK TABLES;

--
-- Table structure for table `facebook_feeds_has_keywords`
--

DROP TABLE IF EXISTS `facebook_feeds_has_keywords`;
/*!40101 SET @saved_cs_client     = @@character_set_client */;
/*!40101 SET character_set_client = utf8 */;
CREATE TABLE `facebook_feeds_has_keywords` (
  `FACEBOOK_FEEDS_PK_FEED_ID` varchar(100) NOT NULL,
  `KEYWORDS_PK_KEYWORD_ID` bigint(20) NOT NULL,
  `APPLICATION_USERS_PK_USER_ID` varchar(100) NOT NULL,
  PRIMARY KEY (`FACEBOOK_FEEDS_PK_FEED_ID`,`KEYWORDS_PK_KEYWORD_ID`,`APPLICATION_USERS_PK_USER_ID`),
  KEY `fk_FACEBOOK_FEEDS_has_KEYWORDS_FACEBOOK_FEEDS1` (`FACEBOOK_FEEDS_PK_FEED_ID`),
  KEY `fk_FACEBOOK_FEEDS_has_KEYWORDS_KEYWORDS1` (`KEYWORDS_PK_KEYWORD_ID`),
  KEY `fk_FACEBOOK_FEEDS_has_KEYWORDS_APPLICATION_USERS1` (`APPLICATION_USERS_PK_USER_ID`),
  CONSTRAINT `fk_FACEBOOK_FEEDS_has_KEYWORDS_APPLICATION_USERS1` FOREIGN KEY (`APPLICATION_USERS_PK_USER_ID`) REFERENCES `application_users` (`PK_USER_ID`) ON DELETE NO ACTION ON UPDATE NO ACTION,
  CONSTRAINT `fk_FACEBOOK_FEEDS_has_KEYWORDS_FACEBOOK_FEEDS1` FOREIGN KEY (`FACEBOOK_FEEDS_PK_FEED_ID`) REFERENCES `facebook_feeds` (`PK_FEED_ID`) ON DELETE NO ACTION ON UPDATE NO ACTION,
  CONSTRAINT `fk_FACEBOOK_FEEDS_has_KEYWORDS_KEYWORDS1` FOREIGN KEY (`KEYWORDS_PK_KEYWORD_ID`) REFERENCES `keywords` (`PK_KEYWORD_ID`) ON DELETE NO ACTION ON UPDATE NO ACTION
) ENGINE=InnoDB DEFAULT CHARSET=utf8;
/*!40101 SET character_set_client = @saved_cs_client */;

--
-- Dumping data for table `facebook_feeds_has_keywords`
--

LOCK TABLES `facebook_feeds_has_keywords` WRITE;
/*!40000 ALTER TABLE `facebook_feeds_has_keywords` DISABLE KEYS */;
INSERT INTO `facebook_feeds_has_keywords` VALUES ('545564400_10150357992134857',1,'1'),('545564400_10150357993349857',1,'1'),('551366621_10150297873916622',1,'1'),('551366621_10150357169816622',1,'1'),('551366621_10150917535860497',1,'1'),('553450908_10150341278700909',1,'1'),('553450908_10150346369985909',1,'1'),('553450908_10150351031640909',1,'1'),('553450908_10150354648950909',1,'1'),('553450908_10150424601360909',1,'1'),('560464490_1896746428188',1,'1'),('545564400_10150337641464401',2,'1'),('545564400_10150337654104401',2,'1'),('545564400_10150340158519401',2,'1'),('545564400_10150351173384401',2,'1'),('545564400_10150357441044401',2,'1'),('545564400_10150357992134857',2,'1'),('545564400_10150357993349857',2,'1'),('545564400_10150382962654401',2,'1'),('551366621_10150297873916622',2,'1'),('551366621_10150357169816622',2,'1'),('551366621_10150917535860497',2,'1'),('553450908_10150341278700909',2,'1'),('553450908_10150344079075909',2,'1'),('553450908_10150346369985909',2,'1'),('553450908_10150351031640909',2,'1'),('553450908_10150354648950909',2,'1'),('553450908_10150424601360909',2,'1'),('560464490_10150101872699491',2,'1'),('560464490_1896746428188',2,'1'),('545564400_10150357992134857',3,'1'),('545564400_10150357993349857',3,'1'),('551366621_10150297873916622',3,'1'),('551366621_10150357169816622',3,'1'),('551366621_10150917535860497',3,'1'),('553450908_10150341278700909',3,'1'),('553450908_10150346369985909',3,'1'),('553450908_10150351031640909',3,'1'),('553450908_10150354648950909',3,'1'),('553450908_10150424601360909',3,'1'),('560464490_10150101872699491',3,'1'),('560464490_1896746428188',3,'1');
/*!40000 ALTER TABLE `facebook_feeds_has_keywords` ENABLE KEYS */;
UNLOCK TABLES;

--
-- Table structure for table `facebook_links`
--

DROP TABLE IF EXISTS `facebook_links`;
/*!40101 SET @saved_cs_client     = @@character_set_client */;
/*!40101 SET character_set_client = utf8 */;
CREATE TABLE `facebook_links` (
  `NAME` varchar(1000) CHARACTER SET utf8 COLLATE utf8_bin NOT NULL,
  `CAPTION` varchar(1000) CHARACTER SET utf8 COLLATE utf8_bin NOT NULL,
  `DESCRIPTION` varchar(1000) CHARACTER SET utf8 COLLATE utf8_bin NOT NULL,
  `MESSAGE` varchar(1000) CHARACTER SET utf8 COLLATE utf8_bin NOT NULL,
  `PHOTO_URL` varchar(1000) NOT NULL,
  `LINK_URL` varchar(1000) NOT NULL,
  `FACEBOOK_FEEDS_PK_FEED_ID` varchar(100) NOT NULL,
  PRIMARY KEY (`FACEBOOK_FEEDS_PK_FEED_ID`),
  KEY `fk_FACEBOOK_LINKS_FACEBOOK_FEEDS1` (`FACEBOOK_FEEDS_PK_FEED_ID`),
  CONSTRAINT `fk_FACEBOOK_LINKS_FACEBOOK_FEEDS1` FOREIGN KEY (`FACEBOOK_FEEDS_PK_FEED_ID`) REFERENCES `facebook_feeds` (`PK_FEED_ID`) ON DELETE NO ACTION ON UPDATE NO ACTION
) ENGINE=InnoDB DEFAULT CHARSET=utf8;
/*!40101 SET character_set_client = @saved_cs_client */;

--
-- Dumping data for table `facebook_links`
--

LOCK TABLES `facebook_links` WRITE;
/*!40000 ALTER TABLE `facebook_links` DISABLE KEYS */;
INSERT INTO `facebook_links` VALUES ('? Thomas ??????????? ??? ?????????? ???/??? John Daskalou','? Thomas ?????????? ??????????? ??? ????? ???','','','https://www.facebook.com/app_full_proxy.php?app=231667526876431&v=1&size=z&cksum=54bb993d3cc619c763abcc852ef7ea20&src=http%3A%2F%2Fp517.badoo.com%2Fhidden%3Feuri%3DV4PgumtWbsZyA.oteUXoXoXmyU7elygTCNnNJ9xu9ZnnWrt8E9YGciBrrlM2OUMnbdYPqZySlhq5ogUMqwiBAlBl29VW7GmXxXSQn.MaOk5i-juGM5WP2n-A53XECO-BDG6KiHxilrIn9VYC5dCyBA','http://apps.facebook.com/rate_friends_photos/?from=wall','545564400_10150355196534401'),('? Thomas ??????????? ??? ?????????? ???/??? John Daskalou','? Thomas ?????????? ??????????? ??? ????? ???','','','https://www.facebook.com/app_full_proxy.php?app=231667526876431&v=1&size=z&cksum=8343ff6cd5b891dc2ac6fcb1fdaab6fe&src=http%3A%2F%2Fp503.badoo.com%2Fhidden%3Feuri%3DOaL2YsjopCto.BlnEWxN.k9tP2l0UdoZih5RehymW9QFlL8FYCmRHq4fwvIzgqKDkD4YJWi5funWXHelUMZD39Ab0j1yWm4DA0aWfQE9jUbbTqr9qZHJsisY.0HJelKZqoFVRsgi5UWvbpSDIBYIsg','http://apps.facebook.com/rate_friends_photos/?from=wall','545564400_10150355199644401'),('? ??????? ??????????? ??? ?????????? ???/??? John Daskalou','? ??????? ?????????? ??????????? ??? ????? ???','','','https://www.facebook.com/app_full_proxy.php?app=231667526876431&v=1&size=z&cksum=10f9273e9d4225d4bf3f46927848dbdf&src=http%3A%2F%2Fp528.badoo.com%2Fhidden%3Feuri%3D0mgvhjFr8PjYV-Vp1MVSNFyfkeXPOnRzQPjlyA7msMm46nFgO45EHJdfN2oAwf7jREzUPzpFVEOEQ6VOevUG8svnWuosMJzOuCk7K7YKLYdaHUea1URP3WFjK.z5LbOjl6cafinDoDtBykF7g0TP2vJ0PZdSFGGo','http://apps.facebook.com/rate_friends_photos/?from=wall','545564400_10150366537149401'),('???????? ?????????? ??? ???????????','www.gazzetta.gr','??? ??????? ???? ????????? ??? ???????? ???? ??? ?? ?????? ???????? ??? ??? ??? ???????? ? ????????? ??? ????, ????? ????????????.','','https://s-external.ak.fbcdn.net/safe_image.php?d=AQDEFK8zxl7D0Stw&w=90&h=90&url=http%3A%2F%2Fwww.gazzetta.gr%2Fsites%2Fdefault%2Ffiles%2Fimagecache%2Fmultimedia_normal%2Farticle%2F2011_11%2F830743.jpg','http://www.gazzetta.gr/article/item/238556-parapona-olubiakou-gia-sideropoulo','545564400_116705191774189'),('http://www.youtube.com/watch?v=aFo_iYUTJ7g&feature=share','www.youtube.com','','','','http://www.youtube.com/watch?v=aFo_iYUTJ7g&feature=share','545564400_188192647928608'),('Diakosmitika dapeda','','Local Business','http://www.facebook.com/pages/%CE%94%CE%99%CE%91%CE%9A%CE%9F%CE%A3%CE%9C%CE%97%CE%A4%CE%99%CE%9A%CE%91-%CE%94%CE%91%CE%A0%CE%95%CE%94%CE%91/162000430565416','https://fbcdn-profile-a.akamaihd.net/hprofile-ak-snc4/373343_162000430565416_359627058_n.jpg','http://www.facebook.com/pages/Diakosmitika-dapeda/162000430565416','545564400_309837815711309'),('Hey, I mapped my friends and you were missing! Please add your current city to your facebook profile here','','','','https://www.facebook.com/app_full_proxy.php?app=69637141537&v=1&size=z&cksum=0a781eead0d73b0d57bf08e4f861e200&src=http%3A%2F%2Fwww.wayn.com%2Ffbmapfriends%2Fimg%2Ffb-post-icon-quest-9B.png','http://www.facebook.com/editprofile.php','551366621_10150204921446622'),('Hey, I mapped my friends and you were missing! Please add your current city to your facebook profile here','','','','https://www.facebook.com/app_full_proxy.php?app=69637141537&v=1&size=z&cksum=0a781eead0d73b0d57bf08e4f861e200&src=http%3A%2F%2Fwww.wayn.com%2Ffbmapfriends%2Fimg%2Ffb-post-icon-quest-9B.png','http://www.facebook.com/editprofile.php','551366621_10150204926226622'),('Abouzar Jalalian just compared Emmanouil Tagis with Alireza Motevasselian.','See other questions and answers about your friends and cast your vote.','','','https://www.facebook.com/app_full_proxy.php?app=6953377468&v=1&size=z&cksum=e48bee9bef9bb392cbd4bda8d74b9d1a&src=https%3A%2F%2Fd1gw9egox2swwv.cloudfront.net%2F20110718%2Fimages%2Fquizgame%2Fcheck.png','http://apps.facebook.com/zooskers/comparefriends.php?from=comparefriends-feed','551366621_10150241323271622'),(' heeft net een vraag beantwoord over Emmanouil Tagis. Kijk wat er gezegd werd.','Kijk ook welke andere vragen en antwoorden er zijn over je vrienden.','','','https://www.facebook.com/app_full_proxy.php?app=6953377468&v=1&size=z&cksum=a500f0850018268e826260c492ca45e6&src=https%3A%2F%2Fd1gw9egox2swwv.cloudfront.net%2F20110729%2Fimages%2Fquizgame%2Fquestion1.jpg','http://apps.facebook.com/zooskers/questions.php?from=quizgame-feed','551366621_10150250055621622'),('Help me grow my professional network on LinkedIn.','I just joined LinkedIn and created my professional profile. Join my network. ','','','https://www.facebook.com/app_full_proxy.php?app=161320853908703&v=1&size=z&cksum=c40ff39f365da5d89dbc14dc9ac806e9&src=http%3A%2F%2Fstatic01.linkedin.com%2Fscds%2Fcommon%2Fu%2Fimg%2Flogos%2Flogo_in_90x22.png','http://www.linkedin.com/pub/emmanouil-tagis/43/981/517?trk=fbr','551366621_10150391071666622'),('Emmanouil wants to share some coins with you!','Give 500 coins','Emmanouil unlocked a new Magic Potion in Bubble Witch and wants to give you 500 coins.','','https://www.facebook.com/app_full_proxy.php?app=256051837747677&v=1&size=z&cksum=6060f95544bb37b2f4738394f6094218&src=http%3A%2F%2Fbw1.midasplayer.com%2Fimages%2F90x90_feed_booster_unlocked.jpg%3F_v%3Djepu35','http://apps.facebook.com/bubblewitch/?urlMessage=Ufu_uMqSaGHaQ4qV3TxpkTgJhhLUaIfZINjwjIfY2lA.eyJpZCI6NTg5MTg5NjYsImZyb20iOjEwMjAyODc2NTksInR5cGUiOiJnaXZlR29sZCIsImRhdGEiOiI1MDAiLCJ0aW1lIjoxMzIwMzUzMTYxfQ&type=viral&st1=feed&st2=shareGold&st3=500&u=000001336b2e62ef','551366621_112771455501053'),('Emmanouil wants to share a 2 star reward with you','100 coins for free','Getting a 2 star score is difficult. Emmanouil wants you to share the reward and gives away free coins in Bubble Witch. Enjoy!','','https://www.facebook.com/app_full_proxy.php?app=256051837747677&v=1&size=z&cksum=2252465ee86f66ee4c839bd0c7e80a04&src=http%3A%2F%2Fbw1.midasplayer.com%2Fimages%2F90x90_feed_pic_2_stars.jpg%3F_v%3D156flff','http://apps.facebook.com/bubblewitch/?urlMessage=OVgR2h5ml3xlZEiEOenl8_knsCxYomBtgutsUZe7kEo.eyJpZCI6NDEzODc1MDksImZyb20iOjEwMjAyODc2NTksInR5cGUiOiJnaXZlR29sZCIsImRhdGEiOiIxMDAiLCJ0aW1lIjoxMzE4ODc4NTU0fQ&type=viral&st1=feed&st2=shareGold&st3=100&u=000001331349a860','551366621_128101513962572'),('Emmanouil got a 3 star score and has a gift for you','250 coins for free','Emmanouil got a fantastic 3 star score in Bubble Witch Saga and want to give you some free coins to have fun with.','roufate','https://www.facebook.com/app_full_proxy.php?app=256051837747677&v=1&size=z&cksum=a276a497db646ab7af4deef73e03148a&src=http%3A%2F%2Fbw1.midasplayer.com%2Fimages%2F90x90_feed_pic_3_stars.jpg%3F_v%3D1ohcz6e','http://apps.facebook.com/bubblewitch/?urlMessage=ac6XNWDqFPepasDu5MFGT1hxO20TtvEzEHDeNx-lZkY.eyJpZCI6NTY3MDU0NTIsImZyb20iOjEwMjAyODc2NTksInR5cGUiOiJnaXZlR29sZCIsImRhdGEiOiIyNTAiLCJ0aW1lIjoxMzIwMTU0MDQ4fQ&type=viral&st1=feed&st2=shareGold&st3=250&u=000001335f50267d','551366621_152717761493201'),('Emmanouil got a 3 star score and has a gift for you','250 coins for free','Emmanouil got a fantastic 3 star score in Bubble Witch Saga and want to give you some free coins to have fun with.','','https://www.facebook.com/app_full_proxy.php?app=256051837747677&v=1&size=z&cksum=a276a497db646ab7af4deef73e03148a&src=http%3A%2F%2Fbw1.midasplayer.com%2Fimages%2F90x90_feed_pic_3_stars.jpg%3F_v%3D1ohcz6e','http://apps.facebook.com/bubblewitch/?urlMessage=kUYPr0CGUETpr1Hqdg_Ff95npOTmXbrG46fLwcqn-dM.eyJpZCI6NTg5MTg5MTYsImZyb20iOjEwMjAyODc2NTksInR5cGUiOiJnaXZlR29sZCIsImRhdGEiOiIyNTAiLCJ0aW1lIjoxMzIwMzUzMTQ2fQ&type=viral&st1=feed&st2=shareGold&st3=250&u=000001336b2e260a','551366621_169497429809750'),('My Sim wants a relationship status of Close Friends with your Sim! Play The Sims Social to agree or disagree!','I wondered if you\'ve decided yet...','You just have to play the game to agree or disagree! :)','','https://www.facebook.com/app_full_proxy.php?app=144959615576466&v=1&size=z&cksum=4726ffa1da83f783e08d62ef9488aa7c&src=http%3A%2F%2Fstatic-cdn.playfish.com%2Fgame%2Fsimssoc%2Fs%2Ffeed%2Ffeed_vir003.png%3F4.6.0.6','https://apps.facebook.com/thesimssocial/feed?pf_feed_token=c6ab806daa9d07fbfafcc24b02412ca590ac127f04f25fbc6f39fd128b8072366f2f4d01b87ba0e4f6847ea9f20649ce3a24a6427accc73dc8e3d5b15b7f5bc3f5a5fe887404eef283fc3a90ade9246ab8232310dca32070ae1937893060e1b8c097dbe2033ebd3c6fde941934d1f6d2&pf_feed_type=1&pf_ref=fg_s_10_62ea4fb29e76b899a7622ccb34ffcbd7','551366621_177488275671843'),('Emmanouil completed the Highland Caves','500 coins for free','Emmanouil completed all the levels in Highland Caves in Bubble Witch Saga and wants to give you free coins to spend.','','https://www.facebook.com/app_full_proxy.php?app=256051837747677&v=1&size=z&cksum=2d3728c5852ab290070180f7353ae3a8&src=http%3A%2F%2Fbw1.midasplayer.com%2Fimages%2F90x90_feed_pic_happy_3.jpg%3F_v%3D1g0zbpm','http://apps.facebook.com/bubblewitch/?urlMessage=1Q05sUCZzDLB0V_flcnjgqVV1IKqXmYvkuMU9C4I5pE.eyJpZCI6NDYxNDA3MjAsImZyb20iOjEwMjAyODc2NTksInR5cGUiOiJnaXZlR29sZCIsImRhdGEiOiI1MDAiLCJ0aW1lIjoxMzE5MzE2ODY2fQ&type=viral&st1=feed&st2=shareGold&st3=500&u=000001332d69c633','551366621_189609517783197'),('Gossip newsflash!','Here\'s the rub!','My Sim just had a nice massage on the couch with  Stefania\'s Sim!','','https://www.facebook.com/app_full_proxy.php?app=144959615576466&v=1&size=z&cksum=8e49638cf3e4f45f0a3aef9f91b7b77e&src=http%3A%2F%2Fstatic-cdn.playfish.com%2Fgame%2Fsimssoc%2Fs%2Ffeed%2Ffeed_massage-genericl.png%3F4.1.2.4','https://apps.facebook.com/thesimssocial/feed?pf_feed_token=0ec004c76bb130761196b39c8d24d25f6e929f7d0fb9370f5c4085af0d75567674e33370c8ec5463d11f6bd10d2166b0b07ef86f9d15ca34049b0d6419fbc7e887ce4b7e50fd6c56f8849bc681669ee34216580d643773ec76b59f816306c7ca6df8b4b41d7e69de733fb91e01782364&pf_feed_type=1&pf_ref=fg_w_87_f4b961d137ae84f53f557d18c17ae1d7','551366621_194209577322867'),('Emmanouil completed the Haunted Mansion','500 coins for free','Emmanouil completed all the levels in Haunted Mansion in Bubble Witch Saga and wants to give you free coins to spend.','','https://www.facebook.com/app_full_proxy.php?app=256051837747677&v=1&size=z&cksum=2d3728c5852ab290070180f7353ae3a8&src=http%3A%2F%2Fbw1.midasplayer.com%2Fimages%2F90x90_feed_pic_happy_3.jpg%3F_v%3D1g0zbpm','http://apps.facebook.com/bubblewitch/?urlMessage=6bXxtXGyrUWThZazFNre-SSsHSaTIw51lVhGtLkbffo.eyJpZCI6NDg1MjIxNzgsImZyb20iOjEwMjAyODc2NTksInR5cGUiOiJnaXZlR29sZCIsImRhdGEiOiI1MDAiLCJ0aW1lIjoxMzE5NTM0OTAyfQ&type=viral&st1=feed&st2=shareGold&st3=500&u=000001333a68bc1f','551366621_209257225813582'),('Emmanouil completed the Mystic Woods','500 coins for free','Emmanouil completed all the levels in Mystic Woods in Bubble Witch Saga and wants to give you free coins to spend.','parte coins tsoutsekia mpas ke vgalete to 55','https://www.facebook.com/app_full_proxy.php?app=256051837747677&v=1&size=z&cksum=2d3728c5852ab290070180f7353ae3a8&src=http%3A%2F%2Fbw1.midasplayer.com%2Fimages%2F90x90_feed_pic_happy_3.jpg%3F_v%3D1g0zbpm','http://apps.facebook.com/bubblewitch/?urlMessage=X3V3MteygDsTAbTljD2g1ZXlU0KWYeh5pqSSoTwGynI.eyJpZCI6NTg5MjY1MDAsImZyb20iOjEwMjAyODc2NTksInR5cGUiOiJnaXZlR29sZCIsImRhdGEiOiI1MDAiLCJ0aW1lIjoxMzIwMzUzNzYzfQ&type=viral&st1=feed&st2=shareGold&st3=500&u=000001336b3791e3','551366621_213429668727520'),('Emmanouil wants to share some coins with you!','Give 500 coins','Emmanouil unlocked a new Magic Potion in Bubble Witch and wants to give you 500 coins.','','https://www.facebook.com/app_full_proxy.php?app=256051837747677&v=1&size=z&cksum=6060f95544bb37b2f4738394f6094218&src=http%3A%2F%2Fbw1.midasplayer.com%2Fimages%2F90x90_feed_booster_unlocked.jpg%3F_v%3Djepu35','http://apps.facebook.com/bubblewitch/?urlMessage=zdXf_x7Il-KjEonEaTNfl6Rq9DNWzC3dckPRKcPqxHc.eyJpZCI6NDI5NDExNDYsImZyb20iOjEwMjAyODc2NTksInR5cGUiOiJnaXZlR29sZCIsImRhdGEiOiI1MDAiLCJ0aW1lIjoxMzE5MDMzNTg5fQ&type=viral&st1=feed&st2=shareGold&st3=500&u=000001331c874d5a','551366621_214582918607375'),('Emmanouil completed the Crystal caves','500 coins for free','Emmanouil completed all the levels in Crystal caves in Bubble Witch Saga and wants to give you free coins to spend.','','https://www.facebook.com/app_full_proxy.php?app=256051837747677&v=1&size=z&cksum=2d3728c5852ab290070180f7353ae3a8&src=http%3A%2F%2Fbw1.midasplayer.com%2Fimages%2F90x90_feed_pic_happy_3.jpg%3F_v%3D1g0zbpm','http://apps.facebook.com/bubblewitch/?urlMessage=Abb3YZgD9Vq9uuONpOHqdzl4Lop6xkywYzWwqPqwt3U.eyJpZCI6NjA1NTYzNDEsImZyb20iOjEwMjAyODc2NTksInR5cGUiOiJnaXZlR29sZCIsImRhdGEiOiI1MDAiLCJ0aW1lIjoxMzIwNTc4Mzc0fQ&type=viral&st1=feed&st2=shareGold&st3=500&u=00000133789ada3d','551366621_224239387643106'),('Gossip newsflash!','Here\'s the rub!','My Sim just had a nice massage on the couch with  Dimitrios\'s Sim!','','https://www.facebook.com/app_full_proxy.php?app=144959615576466&v=1&size=z&cksum=8e49638cf3e4f45f0a3aef9f91b7b77e&src=http%3A%2F%2Fstatic-cdn.playfish.com%2Fgame%2Fsimssoc%2Fs%2Ffeed%2Ffeed_massage-genericl.png%3F4.1.2.4','https://apps.facebook.com/thesimssocial/feed?pf_feed_token=0ec004c76bb130761196b39c8d24d25f6e929f7d0fb9370f5c4085af0d75567612af230c3bfc9e09c6ee34eef26798b6485c54d6ff2d9fe5ff548c3e6f9798b187ce4b7e50fd6c56f8849bc681669ee30a8c0e01da1b5b75d59da657277b1efad912d36e3572e7209a253a0805dc3468&pf_feed_type=1&pf_ref=fg_w_87_f4b961d137ae84f53f557d18c17ae1d7','551366621_225754187486725'),('Friends, family and strangers - I need YOU!','You see, I\'m running out of room fast! Can you help sign some papers so I can apply for my land permit?','It\'d really make my day... and you\'d get some Social Points in return! Just click to help!','','https://www.facebook.com/app_full_proxy.php?app=144959615576466&v=1&size=z&cksum=51bb9900d8c56125ac459ee8f5b19629&src=http%3A%2F%2Fstatic-cdn.playfish.com%2Fgame%2Fsimssoc%2Fs%2Ffeed%2Ffeed_land-expansion-sign.png%3F4.1.3.4','https://apps.facebook.com/thesimssocial/feed?pf_feed_token=0ec004c76bb130761196b39c8d24d25f6e929f7d0fb9370f5c4085af0d75567612af230c3bfc9e09c6ee34eef26798b628fa207182527a3dc32d591ddf5f36c1a6ce3d3cd4d7eeec8fbc0f985b30f86eb6733dd8cfbf86b4e36df002631adaa4c78750728a621278f926548d9db2e730&pf_feed_type=1&pf_ref=fg_s_37_f4b961d137ae84f53f557d18c17ae1d7','551366621_229451847118226'),('Emmanouil got a 3 star score and has a gift for you','250 coins for free','Emmanouil got a fantastic 3 star score in Bubble Witch Saga and want to give you some free coins to have fun with.','','https://www.facebook.com/app_full_proxy.php?app=256051837747677&v=1&size=z&cksum=a276a497db646ab7af4deef73e03148a&src=http%3A%2F%2Fbw1.midasplayer.com%2Fimages%2F90x90_feed_pic_3_stars.jpg%3F_v%3D1ohcz6e','http://apps.facebook.com/bubblewitch/?urlMessage=dVxMcZtfXWHYX32IuI2Cl8_ATTwAxTwxVC7Muf_ly_g.eyJpZCI6NDgwMzcyMzUsImZyb20iOjEwMjAyODc2NTksInR5cGUiOiJnaXZlR29sZCIsImRhdGEiOiIyNTAiLCJ0aW1lIjoxMzE5NDgyMzk5fQ&type=viral&st1=feed&st2=shareGold&st3=250&u=0000013337479b3d','551366621_229858163742447'),('Emmanouil got a 3 star score and has a gift for you','250 coins for free','Emmanouil got a fantastic 3 star score in Bubble Witch Saga and want to give you some free coins to have fun with.','ante korakia ormate','https://www.facebook.com/app_full_proxy.php?app=256051837747677&v=1&size=z&cksum=a276a497db646ab7af4deef73e03148a&src=http%3A%2F%2Fbw1.midasplayer.com%2Fimages%2F90x90_feed_pic_3_stars.jpg%3F_v%3D1ohcz6e','http://apps.facebook.com/bubblewitch/?urlMessage=Kn3VEOXw_wWtB5AaDH3PF_YC_kmV0yX5ZficL-aR_B0.eyJpZCI6NTkyMjMxOTEsImZyb20iOjEwMjAyODc2NTksInR5cGUiOiJnaXZlR29sZCIsImRhdGEiOiIyNTAiLCJ0aW1lIjoxMzIwNDA2NDExfQ&type=viral&st1=feed&st2=shareGold&st3=250&u=000001336e5ae79b','551366621_232295806833323'),('Guess who scored a home run with Stefania\'s Sim in The Sims Social! Come join the fun!','I just WooHooed with them! Call me a kiss and tell but I just had to tell someone!','Click to get some Love!','hahhaaha.take it.this is how great persuader i am!!! be ready to break up with u now!!!','https://www.facebook.com/app_full_proxy.php?app=144959615576466&v=1&size=z&cksum=979aa3b4716a4680cb038ba311e0ed7c&src=http%3A%2F%2Fstatic-cdn.playfish.com%2Fgame%2Fsimssoc%2Fs%2Ffeed%2Ffeed_00008.png%3F4.1.3.4','https://apps.facebook.com/thesimssocial/feed?pf_feed_token=0ec004c76bb130761196b39c8d24d25f6e929f7d0fb9370f5c4085af0d755676165e34d3dfacb4a13c34e822cb8b6c86b07ef86f9d15ca34049b0d6419fbc7e8e6a3d74d84d2d860d1d12e7e97489b899b127649267310e0049d6f1392b8697cbaa7b8eb58888f4c8b8c8ada964d7aee&pf_feed_type=1&pf_ref=fg_w_8_f4b961d137ae84f53f557d18c17ae1d7','551366621_238053209587858'),('Emmanouil got a 3 star score and has a gift for you','250 coins for free','Emmanouil got a fantastic 3 star score in Bubble Witch Saga and want to give you some free coins to have fun with.','','https://www.facebook.com/app_full_proxy.php?app=256051837747677&v=1&size=z&cksum=a276a497db646ab7af4deef73e03148a&src=http%3A%2F%2Fbw1.midasplayer.com%2Fimages%2F90x90_feed_pic_3_stars.jpg%3F_v%3D1ohcz6e','http://apps.facebook.com/bubblewitch/?urlMessage=2pgxdaD4A-pxSSMkB4LftrQUp_c9xYaZCjzlyvZop2I.eyJpZCI6NDYxNDAwODksImZyb20iOjEwMjAyODc2NTksInR5cGUiOiJnaXZlR29sZCIsImRhdGEiOiIyNTAiLCJ0aW1lIjoxMzE5MzE2ODUxfQ&type=viral&st1=feed&st2=shareGold&st3=250&u=000001332d698981','551366621_251961348190049'),('Emmanouil got a 3 star score and has a gift for you','250 coins for free','Emmanouil got a fantastic 3 star score in Bubble Witch Saga and want to give you some free coins to have fun with.','','https://www.facebook.com/app_full_proxy.php?app=256051837747677&v=1&size=z&cksum=a276a497db646ab7af4deef73e03148a&src=http%3A%2F%2Fbw1.midasplayer.com%2Fimages%2F90x90_feed_pic_3_stars.jpg%3F_v%3D1ohcz6e','http://apps.facebook.com/bubblewitch/?urlMessage=v_S6thsF4lr8sABbaZZNpB-1GocTN0m0y72-ImB506k.eyJpZCI6NjAyODQzMzksImZyb20iOjEwMjAyODc2NTksInR5cGUiOiJnaXZlR29sZCIsImRhdGEiOiIyNTAiLCJ0aW1lIjoxMzIwNTMwMzk5fQ&type=viral&st1=feed&st2=shareGold&st3=250&u=0000013375bed0e0','551366621_252098748171740'),('Emmanouil wants to share a 2 star reward with you','100 coins for free','Getting a 2 star score is difficult. Emmanouil wants you to share the reward and gives away free coins in Bubble Witch. Enjoy!','','https://www.facebook.com/app_full_proxy.php?app=256051837747677&v=1&size=z&cksum=2252465ee86f66ee4c839bd0c7e80a04&src=http%3A%2F%2Fbw1.midasplayer.com%2Fimages%2F90x90_feed_pic_2_stars.jpg%3F_v%3D156flff','http://apps.facebook.com/bubblewitch/?urlMessage=DnxFDtQBW2PBQZSc03wbkLWEGXEa1SbkUGpjE12RrQE.eyJpZCI6NTU5NzA1OTUsImZyb20iOjEwMjAyODc2NTksInR5cGUiOiJnaXZlR29sZCIsImRhdGEiOiIxMDAiLCJ0aW1lIjoxMzIwMDg4OTY3fQ&type=viral&st1=feed&st2=shareGold&st3=100&u=000001335b6f1a9b','551366621_258906944160460'),('Nikos just passed right by you','Nikos passed you','Nikos has passed you in Bubble Witch. Use these free coins to catch up on Nikos.','','https://www.facebook.com/app_full_proxy.php?app=256051837747677&v=1&size=z&cksum=0a15dbb5d68d33edd6d1a61feb516335&src=http%3A%2F%2Fbw1.midasplayer.com%2Fimages%2F90x90_feed_pic_happy_1.jpg%3F_v%3Dub8rsp','http://apps.facebook.com/bubblewitch/?urlMessage=ByeXurUjzVQ04J9Eaxl2H5NDGiU9ZgFvF5PpM_I7WKs.eyJpZCI6NDM4MDkzNTUsImZyb20iOjEwMTg2NDQxNTEsInR5cGUiOiJnaXZlR29sZCIsImRhdGEiOiIxMDAiLCJ0aW1lIjoxMzE5MTE1NDE0fQ&type=viral&st1=feed&st2=shareGold&st3=100&u=000001332167da18','551366621_264080923628556'),('Emmanouil got a 3 star score and has a gift for you','250 coins for free','Emmanouil got a fantastic 3 star score in Bubble Witch Saga and want to give you some free coins to have fun with.','','https://www.facebook.com/app_full_proxy.php?app=256051837747677&v=1&size=z&cksum=a276a497db646ab7af4deef73e03148a&src=http%3A%2F%2Fbw1.midasplayer.com%2Fimages%2F90x90_feed_pic_3_stars.jpg%3F_v%3D1ohcz6e','http://apps.facebook.com/bubblewitch/?urlMessage=XWWIhe36HvmqT_M51y_rjrWmFHSjFGaLpP8nCVHLYzI.eyJpZCI6NDc2NTM4NDgsImZyb20iOjEwMjAyODc2NTksInR5cGUiOiJnaXZlR29sZCIsImRhdGEiOiIyNTAiLCJ0aW1lIjoxMzE5NDU5NTgwfQ&type=viral&st1=feed&st2=shareGold&st3=250&u=0000013335eb695d','551366621_264256660277180'),('Emmanouil wants to share a 2 star reward with you','100 coins for free','Getting a 2 star score is difficult. Emmanouil wants you to share the reward and gives away free coins in Bubble Witch. Enjoy!','','https://www.facebook.com/app_full_proxy.php?app=256051837747677&v=1&size=z&cksum=2252465ee86f66ee4c839bd0c7e80a04&src=http%3A%2F%2Fbw1.midasplayer.com%2Fimages%2F90x90_feed_pic_2_stars.jpg%3F_v%3D156flff','http://apps.facebook.com/bubblewitch/?urlMessage=JmasK5oSeeB2qybAehZNvFowd1u9k_lqLKUoEulRSVo.eyJpZCI6NDM0MTgxMTQsImZyb20iOjEwMjAyODc2NTksInR5cGUiOiJnaXZlR29sZCIsImRhdGEiOiIxMDAiLCJ0aW1lIjoxMzE5MDYzNzg4fQ&type=viral&st1=feed&st2=shareGold&st3=100&u=000001331e541a95','551366621_271303782907789'),('Especially for you!','My Sim dropped by your house and left a gift!','Just click to claim it!','','https://www.facebook.com/app_full_proxy.php?app=144959615576466&v=1&size=z&cksum=6d65bb93f17fac88712940d128736d08&src=http%3A%2F%2Fstatic-cdn.playfish.com%2Fgame%2Fsimssoc%2Fs%2Ffeed%2Ffeed_vir002.png%3F4.1.3.4','https://apps.facebook.com/thesimssocial/feed?pf_feed_token=3e79be93d10a3d66957edd810049b54f77831840abd669d2d02ec8cf26b2c687a09db18a98847db089554c9074a8cff828fa207182527a3dc32d591ddf5f36c1c269db76f1114ca507015e46763990b15c5ecba7faba3c34eb22e99a9b91cf3ebb722d73f77d1ad917ee56dcb52eabcb&pf_feed_type=1&pf_ref=fg_w_8_c3003279538069e3c63eb936b4177808','551366621_286358904719970'),('Emmanouil got a 3 star score and has a gift for you','250 coins for free','Emmanouil got a fantastic 3 star score in Bubble Witch Saga and want to give you some free coins to have fun with.','tsoutsekia gia na mathenete','https://www.facebook.com/app_full_proxy.php?app=256051837747677&v=1&size=z&cksum=a276a497db646ab7af4deef73e03148a&src=http%3A%2F%2Fbw1.midasplayer.com%2Fimages%2F90x90_feed_pic_3_stars.jpg%3F_v%3D1ohcz6e','http://apps.facebook.com/bubblewitch/?urlMessage=CNhUOoDifb8epGqVhtUf7ylbJ0nkqmUPShK1cpxg4k4.eyJpZCI6NjAzNDAyNjAsImZyb20iOjEwMjAyODc2NTksInR5cGUiOiJnaXZlR29sZCIsImRhdGEiOiIyNTAiLCJ0aW1lIjoxMzIwNTM2NDQ4fQ&type=viral&st1=feed&st2=shareGold&st3=250&u=00000133761b1dcf','551366621_311852052162447'),('Emmanouil got a 3 star score and has a gift for you','250 coins for free','Emmanouil got a fantastic 3 star score in Bubble Witch Saga and want to give you some free coins to have fun with.','parte lefta tsoutsekia mou','https://www.facebook.com/app_full_proxy.php?app=256051837747677&v=1&size=z&cksum=a276a497db646ab7af4deef73e03148a&src=http%3A%2F%2Fbw1.midasplayer.com%2Fimages%2F90x90_feed_pic_3_stars.jpg%3F_v%3D1ohcz6e','http://apps.facebook.com/bubblewitch/?urlMessage=SQLlVO2sd2yx9je3Y7-gLiO0YrmZ4rePqfQgV7fvR-A.eyJpZCI6NTY5MjUwMzMsImZyb20iOjEwMjAyODc2NTksInR5cGUiOiJnaXZlR29sZCIsImRhdGEiOiIyNTAiLCJ0aW1lIjoxMzIwMTY4MDI1fQ&type=viral&st1=feed&st2=shareGold&st3=250&u=0000013360256f20','551366621_314496538566265'),('??????? ???????? ??? ?. ???????? ???? ????. ????????','www.lifo.gr','??? www.koutipandoras.gr ????? ????????,???? ??? ???  ????? ?? ?????? ??? ????? ???  ???. ?? ???????????, ?????????? ?????  ??? ? ??????. ?? ?????????????  ???? ???????????? ??? ???? ??????? ??? ????? ?????????????, ?? ??? ??? ????????? ??? ???? ?? ???? ?? ????? ????????????? ??? ???????? ?????...','??????? ?????? ?? ??????? ?? ?????? ???? ????!','https://s-external.ak.fbcdn.net/safe_image.php?d=AQBgyFQg8aABozYx&w=90&h=90&url=http%3A%2F%2Fwww.lifo.gr%2Ficache%2F96x100x1%2F326741_Screen+shot+2011-06-23+at+4.13.41+AM.png','http://www.lifo.gr/team/readersdigest/27099','553450908_137568573009677'),('? ?????? ??? ?? ????? ????????????','news247.gr','??? ?????? ??? ??????????? ????????? ??? ?? ????? ?? ??????? ??????? ??? ??? ???????????? ???? ??? ??? ?????. ????? ?? ?????????? ????????? ?????? (Vid)','?? ???? ?????? ????? ?? ????????.. ','https://s-external.ak.fbcdn.net/safe_image.php?d=AQBJesO03l6Eacip&w=90&h=90&url=http%3A%2F%2Fnews247.gr%2Fhealth%2FMedia-Internet%2Farticle1410804.ece%2FBINARY%2Fw140%2FBEAR.jpg','http://news247.gr/health/Media-Internet/h_mageia_toy_na_eisai_diaforetikos.1410776.html','553450908_166066853487148'),('????????? ??????? ?? ?????[video] | mychannel.gr','www.mychannel.gr','??????  ??????? ?? ??????? ?????? ?? ?????? ??????????? ????????','','https://s-external.ak.fbcdn.net/safe_image.php?d=AQB7b-j0qyFpq_zl&w=90&h=90&url=http%3A%2F%2Fwww.vlavo.org%2Fmain%2Fwp-content%2Fuploads%2FVlavo-TShirts-1.gif','http://www.mychannel.gr/2011/11/19/??????????-??????-???????????-?????/#.TsefbwLpsOQ.facebook','553450908_219435488129016'),('????? ?????????; ?? ????? ??? ????? ? ????, ???? ???????? ?? ??????? - Akous. Living','www.akous.gr','?? ????? ????????? ??? ???????????? ??? ?? ??????? ???','','https://s-external.ak.fbcdn.net/safe_image.php?d=AQANrAjZ815Ps7g8&w=90&h=90&url=http%3A%2F%2Fwww.akous.gr%2Frepository%2F2011%2Flaughter.jpg','http://www.akous.gr/post.asp?uid=4341','553450908_222061817855357'),('VIVA LA REVOLUCION!!!     attend? ~ Circo Greco','circogreco.blogspot.com','','','https://s-external.ak.fbcdn.net/safe_image.php?d=AQAkBfIKKOZGJvSb&w=90&h=90&url=http%3A%2F%2F2.bp.blogspot.com%2F-lGUjipGTpoo%2FTsBnlw23sgI%2FAAAAAAAAAGA%2FWjGYwlkAxeA%2Fs72-c%2Ffacebook-revolution.jpg','http://circogreco.blogspot.com/2011/11/viva-la-revolucion-attend.html?spref=fb','553450908_236074346457369'),('European Common Goods','www.europeancommongoods.org','','??????? ?? ??????????? ???????????!!','','http://www.europeancommongoods.org/gre.php','553450908_239620746105275'),('Fast-thought?????: ?????? ??\'??? ??????????','spitsos.blogspot.com','','','https://s-external.ak.fbcdn.net/safe_image.php?d=AQBgQazYOIH9Ewce&w=90&h=90&url=http%3A%2F%2F1.bp.blogspot.com%2F-uAZBlzyrXTw%2FTsTxdmDIoSI%2FAAAAAAAAAHI%2FUvtB4iEx_Bc%2Fs72-c%2F191121-tank.jpg','http://spitsos.blogspot.com/2011/11/blog-post_17.html','553450908_276004509109067'),('www.diafhmiseis.gr','diafhmiseis.gr','? ??? ????????? ??? Conn-x ??? ??? ??? ??? ????????? ?? ??? ???????? ?? ??? ?????? ??? ??? ??????!','ti 8a poun oi mutual????','','http://www.diafhmiseis.gr/tag/diafhmish-conn-x/','553450908_286448748048799'),('Natasa Parharidou just answered a question about Lambros Voutsas','She is also answering questions about her other friends.','~','','https://www.facebook.com/app_full_proxy.php?app=107433747809&v=1&size=z&cksum=70e9e7e0a7ec2c8dfcfa7f7164c8e907&src=http%3A%2F%2Fimages.badoo.com%2F2626%2F-%2F-%2Fi%2Ffriend_quiz%2F75x75-2.png','http://apps.facebook.com/badoocom/?fid=560464490&qid=123&afid=1316251546','560464490_10150101872699491'),('Elissavet has just rated a photo with Lambros.','She has also rated her friends\' photos.','---','','https://www.facebook.com/app_full_proxy.php?app=161347997227885&v=1&size=z&cksum=04321d58be18b1cc067d29f68b8abab7&src=http%3A%2F%2Ffb.topface.com%2Fp%2F%3Fpath%3Dhttp%253A%252F%252Fgraph.facebook.com%252F560464490%252Fpicture%253Ftype%253Dlarge','http://apps.facebook.com/topface/?ref=post','560464490_10150292426684491'),('? ? ? ? ? ? ? ?','www.tsimenta.net','?simenta.net','http://www.tsimenta.net/','','http://www.tsimenta.net/','560464490_122095057865572'),('? ? ? ? ? ? ? ?','tsimenta.wordpress.com','????? ??????????? ?? ?????? ?? ??? ???? ??? ???? ??????? ???? ???? ???? ????. ????? ?????????? ?? ????? ?????? ?? 10 ???????.','http://tsimenta.wordpress.com/','https://s-external.ak.fbcdn.net/safe_image.php?d=AQCcrCvPV5CPxxIG&w=90&h=90&url=http%3A%2F%2Ftsimenta.files.wordpress.com%2F2011%2F01%2Fsponsor.png%3Fw%3D160%26h%3D160','http://tsimenta.wordpress.com/','560464490_141302322598480'),('Gianna ?? ??????? Lambros Voutsas ??? ??? ??????? \'????? ????? ??? ? ???? ???? ??? ????? ?????????????\n\'','','','','https://www.facebook.com/app_full_proxy.php?app=9489809558&v=1&size=z&cksum=a7ad0295b82e62fd07f49684d05a05a1&src=http%3A%2F%2F69.175.12.106%2Fpick_who_gr%2Fimages%2Ffeed%2F75x75.gif','http://apps.facebook.com/pick_who_gr/','560464490_189835087722787'),('Gianna ?? ??????? Lambros Voutsas ??? ??? ??????? \'????? ????? ??? ? ???? ???? ??? ????? ??????????/? ?? ?? ????? ???????#1\n\'','','','','https://www.facebook.com/app_full_proxy.php?app=9489809558&v=1&size=z&cksum=a7ad0295b82e62fd07f49684d05a05a1&src=http%3A%2F%2F69.175.12.106%2Fpick_who_gr%2Fimages%2Ffeed%2F75x75.gif','http://apps.facebook.com/pick_who_gr/','560464490_195880747102476'),('Markos, time\'s running out on your sponsorship!','','Don\'t let Anestis down! Hurry back to Car Town and level up!','','https://www.facebook.com/app_full_proxy.php?app=256799621935&v=1&size=z&cksum=337d2790a5c16d9885b8b715428cb9e7&src=http%3A%2F%2Fcdn.cartown.com%2Fwallpost%2Fsponsorship%2Fsponsor_players.jpg','http://apps.facebook.com/cartown/?cref=wallsponsorship&lref=wallsponsorship','566811562_161747147248978'),('Movember - Markos Pratsas\'s Mo Space','au.movember.com','Markos\'s Motivation: is to change the face of men\'s health','Hi all, As it goes for Movember, you can sponsor me at http://mobro.co/markos09. Photo to be uploaded soon.','','http://mobro.co/markos09','566811562_237764659618965'),('http://www.youtube.com/watch?v=f08IwbowGF4&feature=share','www.youtube.com','','Nice video!','','http://www.youtube.com/watch?v=f08IwbowGF4&feature=share','566811562_274185979284126');
/*!40000 ALTER TABLE `facebook_links` ENABLE KEYS */;
UNLOCK TABLES;

--
-- Table structure for table `facebook_notes`
--

DROP TABLE IF EXISTS `facebook_notes`;
/*!40101 SET @saved_cs_client     = @@character_set_client */;
/*!40101 SET character_set_client = utf8 */;
CREATE TABLE `facebook_notes` (
  `PK_NOTE_ID` bigint(20) NOT NULL AUTO_INCREMENT,
  `SUBJECT` varchar(1000) NOT NULL,
  `MESSAGE` varchar(1000) NOT NULL,
  `FACEBOOK_FEEDS_PK_FEED_ID` varchar(100) NOT NULL,
  PRIMARY KEY (`PK_NOTE_ID`),
  KEY `fk_FACEBOOK_NOTES_FACEBOOK_FEEDS1` (`FACEBOOK_FEEDS_PK_FEED_ID`),
  CONSTRAINT `fk_FACEBOOK_NOTES_FACEBOOK_FEEDS1` FOREIGN KEY (`FACEBOOK_FEEDS_PK_FEED_ID`) REFERENCES `facebook_feeds` (`PK_FEED_ID`) ON DELETE NO ACTION ON UPDATE NO ACTION
) ENGINE=InnoDB DEFAULT CHARSET=utf8;
/*!40101 SET character_set_client = @saved_cs_client */;

--
-- Dumping data for table `facebook_notes`
--

LOCK TABLES `facebook_notes` WRITE;
/*!40000 ALTER TABLE `facebook_notes` DISABLE KEYS */;
/*!40000 ALTER TABLE `facebook_notes` ENABLE KEYS */;
UNLOCK TABLES;

--
-- Table structure for table `facebook_pictures`
--

DROP TABLE IF EXISTS `facebook_pictures`;
/*!40101 SET @saved_cs_client     = @@character_set_client */;
/*!40101 SET character_set_client = utf8 */;
CREATE TABLE `facebook_pictures` (
  `CAPTION` varchar(1000) CHARACTER SET utf8 COLLATE utf8_bin NOT NULL,
  `URL` varchar(1000) NOT NULL,
  `MESSAGE` varchar(1000) CHARACTER SET utf8 COLLATE utf8_bin NOT NULL,
  `FACEBOOK_FEEDS_PK_FEED_ID` varchar(100) NOT NULL,
  PRIMARY KEY (`FACEBOOK_FEEDS_PK_FEED_ID`),
  KEY `fk_FACEBOOK_PICTURES_FACEBOOK_FEEDS1` (`FACEBOOK_FEEDS_PK_FEED_ID`),
  CONSTRAINT `fk_FACEBOOK_PICTURES_FACEBOOK_FEEDS1` FOREIGN KEY (`FACEBOOK_FEEDS_PK_FEED_ID`) REFERENCES `facebook_feeds` (`PK_FEED_ID`) ON DELETE NO ACTION ON UPDATE NO ACTION
) ENGINE=InnoDB DEFAULT CHARSET=utf8;
/*!40101 SET character_set_client = @saved_cs_client */;

--
-- Dumping data for table `facebook_pictures`
--

LOCK TABLES `facebook_pictures` WRITE;
/*!40000 ALTER TABLE `facebook_pictures` DISABLE KEYS */;
INSERT INTO `facebook_pictures` VALUES ('','https://fbcdn-photos-a.akamaihd.net/hphotos-ak-snc7/313563_10150357992134857_780369856_7841774_976012208_s.jpg','autos einai o chong... :-)','545564400_10150357992134857'),('','https://fbcdn-photos-a.akamaihd.net/hphotos-ak-ash4/307469_10150357993349857_780369856_7841796_1734578770_s.jpg','kai autos o che-tung... :-) .... kalhmera kai sthn katerina','545564400_10150357993349857'),('8 new photos','https://fbcdn-photos-a.akamaihd.net/hphotos-ak-ash4/315735_10150297855036622_551366621_7953890_1603980808_s.jpg','','551366621_10150297873916622'),('4 new photos','https://fbcdn-photos-a.akamaihd.net/hphotos-ak-ash4/382085_10150357167066622_551366621_8304474_1567271116_s.jpg','','551366621_10150357169816622'),('','https://fbcdn-photos-a.akamaihd.net/hphotos-ak-ash4/375567_10150917535860497_730055496_21710288_1242722703_s.jpg','xaxa!! ti brika!!','551366621_10150917535860497'),('','https://fbcdn-photos-a.akamaihd.net/hphotos-ak-ash4/300323_290416780983749_100000462874510_1180785_2142145715_s.jpg','','553450908_10150341278700909'),('8 new photos','https://fbcdn-photos-a.akamaihd.net/hphotos-ak-ash4/297289_2484859924049_1329166844_2870137_1971004076_s.jpg','','553450908_10150346369985909'),('','https://fbcdn-photos-a.akamaihd.net/hphotos-ak-ash4/293657_2285388907749_1639705973_2249505_319601297_s.jpg','','553450908_10150351031640909'),('','https://fbcdn-photos-a.akamaihd.net/hphotos-ak-ash4/297721_2507520330545_1329166844_2887381_1864696203_s.jpg','','553450908_10150354648950909'),('','https://fbcdn-photos-a.akamaihd.net/hphotos-ak-ash4/319681_2361479715462_1204385160_32093320_276264890_s.jpg','','553450908_10150424601360909'),('','https://fbcdn-photos-a.akamaihd.net/hphotos-ak-snc6/216179_1896746428188_1527421965_31980521_3642783_s.jpg','','560464490_1896746428188'),('','https://fbcdn-photos-a.akamaihd.net/hphotos-ak-ash4/317880_10150498733843219_657923218_11311663_1762623224_s.jpg','','566811562_10150416871341563'),('20 new photos','https://fbcdn-photos-a.akamaihd.net/hphotos-ak-ash4/378857_10150430166286563_566811562_10141361_889881010_s.jpg','','566811562_10150430168111563'),('','https://fbcdn-photos-a.akamaihd.net/hphotos-ak-ash4/300634_10150342814871659_520576658_8367212_253613834_s.jpg','','566811562_10150432369546563'),('15 new photos','https://fbcdn-photos-a.akamaihd.net/hphotos-ak-snc7/384348_10150440833501563_566811562_10220930_1116754444_s.jpg','','566811562_10150440834421563'),('','https://fbcdn-photos-a.akamaihd.net/hphotos-ak-snc7/300856_10150458733391563_566811562_10298502_1154550401_s.jpg','The beginning of my MO','566811562_10150458733431563'),('5 new photos','https://fbcdn-photos-a.akamaihd.net/hphotos-ak-snc7/320876_10150472193161873_613496872_10587690_2036516130_s.jpg','','566811562_10150458870671563');
/*!40000 ALTER TABLE `facebook_pictures` ENABLE KEYS */;
UNLOCK TABLES;

--
-- Table structure for table `facebook_sources`
--

DROP TABLE IF EXISTS `facebook_sources`;
/*!40101 SET @saved_cs_client     = @@character_set_client */;
/*!40101 SET character_set_client = utf8 */;
CREATE TABLE `facebook_sources` (
  `PK_FACEBOOK_SOURCE_ID` varchar(100) NOT NULL,
  PRIMARY KEY (`PK_FACEBOOK_SOURCE_ID`)
) ENGINE=InnoDB DEFAULT CHARSET=utf8;
/*!40101 SET character_set_client = @saved_cs_client */;

--
-- Dumping data for table `facebook_sources`
--

LOCK TABLES `facebook_sources` WRITE;
/*!40000 ALTER TABLE `facebook_sources` DISABLE KEYS */;
INSERT INTO `facebook_sources` VALUES ('502894293'),('513960268'),('519498595'),('536789282'),('545519559'),('545564400'),('551366621'),('553450908'),('560464490'),('566811562');
/*!40000 ALTER TABLE `facebook_sources` ENABLE KEYS */;
UNLOCK TABLES;

--
-- Table structure for table `facebook_status_messages`
--

DROP TABLE IF EXISTS `facebook_status_messages`;
/*!40101 SET @saved_cs_client     = @@character_set_client */;
/*!40101 SET character_set_client = utf8 */;
CREATE TABLE `facebook_status_messages` (
  `MESSAGE` varchar(1000) CHARACTER SET utf8 COLLATE utf8_bin NOT NULL,
  `FACEBOOK_FEEDS_PK_FEED_ID` varchar(100) NOT NULL,
  PRIMARY KEY (`FACEBOOK_FEEDS_PK_FEED_ID`),
  KEY `fk_FACEBOOK_STATUS_MESSAGES_FACEBOOK_FEEDS1` (`FACEBOOK_FEEDS_PK_FEED_ID`),
  CONSTRAINT `fk_FACEBOOK_STATUS_MESSAGES_FACEBOOK_FEEDS1` FOREIGN KEY (`FACEBOOK_FEEDS_PK_FEED_ID`) REFERENCES `facebook_feeds` (`PK_FEED_ID`) ON DELETE NO ACTION ON UPDATE NO ACTION
) ENGINE=InnoDB DEFAULT CHARSET=utf8;
/*!40101 SET character_set_client = @saved_cs_client */;

--
-- Dumping data for table `facebook_status_messages`
--

LOCK TABLES `facebook_status_messages` WRITE;
/*!40000 ALTER TABLE `facebook_status_messages` DISABLE KEYS */;
INSERT INTO `facebook_status_messages` VALUES ('kalimera apo bangkok thailand !! sou euxomai kales ekmpompes k oloi na pane simera sto pale na ntoparoun tin omada!!! ARis -thriskeia k mesa stin Asia -Giwrgos','545564400_10150337641464401'),('kalimera john kali arxi sto neo 3ekinima tou sta8mou mas...pisteyw t neo programma n paei kala opws k t proigoumeno...mia erwtisi gia tin mpala..o tsiwlis exei katali3i telika st sxima k se poious paixtes tha stirix8ei?kai gia to mpasket pisteyw pws o tigris tha kanei kali douleia fetos...elpizw o tsaldaris na einai aytos pou thymomaste apo palia...kali sas mera kai xairetismata kai sto katerinaki\n','545564400_10150337654104401'),('???? ????? John ??? ????????.\n??? ??????? ??? ???????? ???? ??? ??? ???? ???, \n???????????? ????? ??? ????? ??? ??????? ??????!!!\nForca ????????.....','545564400_10150337665334401'),('??...??....2004 ?.?. ????? ?? ??? ??? ??????...','545564400_10150338900184401'),('?????? ?? ?\' ????????? , ??????? ?? ???? u2 ??\'???? ??? ????? ???? ??? ?? ??????? ??? ?????? ???? ?? ??? ???????, ?????? ??? ?????? ??? ?????? live ??? ?????????????? ??? ??????? ??????? ???? ?????? ??? ?????????????? ??? wall street ...RAGE AGAINST THE MACHINE..','545564400_10150338949374401'),('kalimera daskale! ARI 8UMISOU PRIN LIGA XRONIA!!! ANTE RE ARI!!','545564400_10150340158519401'),('kalhmeraaaaaaaaaaaaaaaaaaaaaaaaaaaaaaaaaaaaaaaaaa','545564400_10150340170679401'),('kalimera \"paidakia\" oli mera! ta filia mou! ti agapi mou!! kai to \"misos\" mou!!!','545564400_10150340177854401'),('kala lei i katerina bgeni ilios alla apo pemti xalai ximoniazi anoteri savato 9 va8mous mprrrrrrrr','545564400_10150340181044401'),('ayto to s/k as xalasi to allo na eine kalos pou exoume agona edo :)\n','545564400_10150340184729401'),('simfono mazi sou....kali epitixia simera stin omada,o gavros leei to gazzeta 8eli sifaki','545564400_10150340188084401'),('poli fiakas to vlima....','545564400_10150340213504401'),('???????? ???.??? ??? ?????? ????? ????? ??? ????? 16 ??????? ??? ????? ?? ???? ???? ??? ?? ????? ??? ??????? ???? ?? ???? ??? ?? ?????????? ???? ????;','545564400_10150341439104401'),('kalimeraaaaaaaaaaa','545564400_10150341451344401'),('???????? ?????? ??? ????????.....\n','545564400_10150341459109401'),('min me vazis idees gia pastitsada giati exo kai ego ena ptino sto spiti xaxaxaxa','545564400_10150341465159401'),('???? ??? ????? ??? ??? ???????????? ??????? ???!!!!!?? ??? ??????? ????????? ??? ????? ?? ? ?????????!!!!!!!!!???? ???????? ??? ????? ???? ???? ????? ??? ??? ??? ','545564400_10150342644159401'),('kalhmera sthv parea...','545564400_10150342686534401'),('??? ?? 5000000 ??? ???? ? ??? ??? ?? ?????? ??? ???? ????? ??? ?? ?? ??? .....\n','545564400_10150342696989401'),('???? ??? ?????? - ? Terminator ????? - ???????? ?????? ??? ????? ?? ?? ????? ????? ??? ?????????? ??? ?????? - ??? ?? ?????? ???? ???????? !!!\n\n?????? ?? ????? ???? ???? .. ??? ? ? ?????????? !!!!!!\n\n??? ??????? ?? ???????? !!!','545564400_10150343490829401'),('a re Dico kalhmera','545564400_10150346438339401'),('???????? ??? ??? ???? ??? \"??????\", ??? \"?? ?????\", ??? \"??\", ??? \"???\", ??? ?????????? ??????????? - ???????????.?? ???? ???? ?????? ???????? ???????????, ?????????????...','545564400_10150348886274401'),('?????? ????? ???? ????????? ??? ???? ??? ???.?? ????????? ???.??? ???? ???? ??????? ??????,?????? ????? ?? ???????? ??? ??????? ??? ??????','545564400_10150348955824401'),('???????? ??? \"??????\".?????? ????? ??? ????????? ???.????? ???? ????? ???? ?? \"?????\"????????????.sold out ??? ??????? ?  ???? ??? ??? ???????? ???.?????????? ??? ????.','545564400_10150348976239401'),('XPONIA ?O??A A?A?H MOY ??YKEIA.2 XPONIA ?HMEPA.EYXOMAI KAI 102 KAI 1002 XPONIA AKOMA ME KA?H ENHMEP??H KAI ?O??E? E?ITYXIE? ?E O?A TA TMHMATA MA?.','545564400_10150348977259401'),('???????? ?????? ??? ????????. \n1914 ????? ??? ?????? ???? ??? ???? FM!\n?????? ????? ??? ???? ??????...??? ??????!','545564400_10150348981094401'),('???????? ??? ?????? ????? ??? ???? ??? ??????,?? ??????? ??? ?? ???????? ??? ????? ??? ?? ??????????? ?? ??????? ???.???????????? ??? ????????!??? ?? ?? ????? ????!!!','545564400_10150348992709401'),('X????? ????? ??? ??????? ?? ????? ?? ????????? ?? ??? ?????????? ??????????????? ???????????????! ??? ???? ???? ????????? ?????????. ?? ??????????? ????????? ?? ?????? ??????????.','545564400_10150348993884401'),('???? ???... ??????? ??? ???? ???. ????????. ???????? ?? ???? ??? ?????.','545564400_10150350046454401'),('???????? ??????!!!!!!!!???? ???????? ???? ??? ? ??????!!!!!!!!!!!!!!!!??????? ??????? ???????!!!!!!!!!!!???? ???????!!!!!!!!!!!!!!!??? ???? ?? ???????!!!!!!!!!!!!!!!','545564400_10150350107289401'),('?????? ??????????? ??? ???? ??? ????? ??? ????? ??? ?????  ???????????? ?? ???? ?????? ?????? ?? ??? ???????. ?????? ???????? ???? ?? ???????? ??? ? ??????? ????? ??????? ??? ?????? ? ?????????? ?? ??? ??????????? ??? ??? ??? ????? ???????? ?? ???? ??????? ???? ??????? ? ????? ??????????? ????? ??? ??? ??? ?? ????????? ??? ??? ??? ??????????? ???? ??????....??? ???? ??? ???? ??? ???????.....????? ??? ?? ??? ????? ????! ????????','545564400_10150350110419401'),('???????? ??????\n? ??????? ?????? ?????-?????????? ????? ???\n???? ???? ???????? ??? ??? ??? ??? ????? ??? ???? ???? ?????? ??? ??? ??? ??? ????????????????.....','545564400_10150350119749401'),('???????? ???????? KAI ????????...?? ??? ?? ?????? ?? ???????? ?? ?????? ?? ???? ??? ?? ??? ?????? ?????? ???...?(?????????? ???????...??????) ??? ??????? ?? ????? ?? ?????? ?? ??????? ??? ???...???? ????? ??? ???...!!!????????? ??? ?? ??????? ??? ????!!! ','545564400_10150350123094401'),('gianni mia erwtisi kriseos ta tournike sto vikelidis pote 8a mpoun? KALIMERA\n','545564400_10150350134389401'),('???????? ?????? \n???????? ????????\n???????? ??? ??? ???\n','545564400_10150350141299401'),('???????? ??? ?? ??????????? ?????????. ??????? ??? ???? ??? ?????? ??? ????????? ?? ?????? ???? ??? ???? ????? ??? ????????, ?? ?????? ? ? ?????????? \n?????? ???? ??? ???? ?????. ??? ???? ?????, ?? ??? ????? ? \"??????\" ??? ????????? ?? ????? ???? ??????? ??? ? ???????? ??? ????????,???? ?????? ??? ?????? ??????????','545564400_10150350148499401'),('??????? ????? ?????...? ??????? ??????? ? ????????? ?? ?????? ??? ?? ????? ???????\n','545564400_10150350150014401'),('???? ?????? ???????? ??? ?????????...??????','545564400_10150350153309401'),('KALIMERA DASKALE H EDESSA FONAZEI PARWN!!! KAI OPOU KAI AN PAIZEIS ARI S \nAKOLOY8W PISTA!!!','545564400_10150351173384401'),('???????? ???????;','545564400_10150352743224401'),('???? ??? 48???? ???????? ??? ???????? ??? ???????, ??? ?? ?????? ??????? ??? ?????. ??? ???????, 26/10, ???????? ??? ??????????? ??? ????????...','545564400_10150356472849401'),('?????? ?????????? ???? ???????? ??? ????? ??????? ?? ????? ???!!!?? ????? ??? ????? ??????? ?? ??????????? ??? ????? ??\'???? ?? ???????!??? ?????? ?? ??????? ??????? ??? ???!!!????? ???? ?? ???? ??????? ???????? ??? ???????!','545564400_10150356730459401'),('????????,?????? ??? ????? ??? ???? ???? ?? ??? ??? ????...','545564400_10150357411119401'),('???????? ?????? ?? ???????? ???? ???? ??? ???? ????? ? ???? ???.??? ?? ??????? ???????????','545564400_10150357418514401'),('kalhmeraaaaaa xronia polla sous dimitrides kai dimitres......','545564400_10150357420764401'),('min mas 8imizis ayton ton fiaka mas espase ta nevra tin kiriaki.....','545564400_10150357424854401'),('kalimera sth kalhterh prwinh parea... mas leipsate','545564400_10150357437069401'),('polydoras','545564400_10150357439099401'),('gianni kalimera!pes mou re gianni ti stirizoume twra ton proponiti exei tin omada apo to kalokeri kai den exoume dei ena sindiasmo? vlepeis kapoia veltiosi stin omada?pes mou vlepeis fws sto tounel me ton tsioli? an nai mazi sou? parania parania mazi sou arianara sta ourania!! den einai mirla einai agwnia!!!','545564400_10150357441044401'),('fagane fagane kostantaras mavrogialouros....','545564400_10150357441554401'),('?????? ???????? ??? ?????? ????? ?????? ???? ????????? ??? ???????????.? ?????? ????????? ????? ???????? ??????????.?????? ? ???????? ????? ????? ??????????????? ?? ???? ???? ????????? ? ?? ????? ???? ??????? ??? ???????.? ????????? ?? ????,????????, ???????,?????? ?? ??????????.???????? ?? ?????? ? ????????? ? ? ?????????? ??? ??? ??? ??????????? ??????????.','545564400_10150357546144401'),('kalimera katerina gianni  ,kai epitelous naiiiiiiiiiiiiiiiiiiiiiiiiiiiiiii mas kourepsan tora 8a stamatisoun na mas ta prizoun dld?????????','545564400_10150358580039401'),('ti fiakas einai aytos?epidi milane etsi sto spiti tou prepi na katalavenoun oli tin glosa tous?\n\niparxi periptosi gia keklismenon??????','545564400_10150358593244401'),('???? ??? ?? ??????????!! ? ????? ??? ??? ??? ???????? ????????;','545564400_10150360484199401'),('???????? ??? ???? ????????. ???? ???????? 48???? ???????? ??? ????????, ??? ?? ??????? ???? ??????????? ???? 31/10 ??? ??? 01/11. ?? ??????? ???? ??? ??? ??????? ?????, ??? ?????, ?? ??? ?????????.','545564400_10150363171819401'),('???????? ??????!!!!!?? ?? ????????? ???????','545564400_10150365659769401'),('??? ???????? ??? ?? ?????. ???????? ?? ???? ????????.?????????????...','545564400_10150365678829401'),('???? ?????????;','545564400_10150365682309401'),('??? ????? ????? ??? ?????? ????? ????? ??? ????????!!!!!!!????????','545564400_10150365695989401'),('???????? ?? ?????. ???? ????? ???? ????? ??? ????? ?? ??????? ?\' ????? ??? ????. ????????? ??? ?????????? ???? ?? ??????? (?????????????) ??? ??? ?? ????????. ???? ???????? ???????? ?????? 3 - ????????? 23','545564400_10150365767774401'),('kalimera gianni!!!!','545564400_10150366907629401'),('gianni ti egine pali apergia?\n','545564400_10150366922534401'),('??????? ???????? ?????? ??????','545564400_10150366925049401'),('gianni ti pezei? pote 8a exei pali programma kanonika? pes mas ti ginete?','545564400_10150368094879401'),('??? ????? ?? ???????  ??? ???????!!!','545564400_10150368557029401'),('????? ??? ??? ????. ?????? ??? ??? ??? ????? ????? ??? ?????? ????? ??????. ???? ?? ?? ????????, ?????, ??????????. ??????? ??? ?????? ??? ??????....','545564400_10150369659949401'),('? ????????? ??? ? ????????? ???????? ????????? ??? ?? ?????? ??? ????? ???, ?? ???? ???????????. O ?????????? ????????????? ??? ??? ?????????. ??? ??? ??????? ??? ???????? ??? ???????????, ?????? ? ????? ??????. ??????, ???? ? ???? ??????? ??? ??? ??????....????????.','545564400_10150371482424401'),('?????? ????????!\n? ??? ?????? ?? ???????? ??? ???? ??????? ???????-??????? ??? ???? .. ?????? ?????? ?? ????????? ???? .. ?? ??? ??????????? ???? ??? ????? , ?????? ???..\n','545564400_10150371531219401'),('(???? ?? ????? ?? ?? ????????? ???? ??????? ???)\r\n???????? ????? ?????? ??? ???????? ??? ??? ?? ?????? ?????? ?????????? ?? ???? ??? ??????? ??? ??? ?????? ?? ??????????? ???.  ?????? ?? ????? ?? ???? ?????? ???? ???????!  ????? ???? ??????? ?? ???????? ??? ?????? ??? ???? ?? ???? ???? ????? ??? ?????? ????...!!!','545564400_10150373304729401'),('ti egine gianni pote me to kalo ekpompi?\n','545564400_10150375907079401'),('???????? ??? ?? ???????? ??? ???? FM. ?? ??? ??? ??? ?????? ??? ???? ?? ????? ?? ???? ?????????????? ??? ???? ????????? ??? ???????. ????? ???? ?????? ??? ???????. ?? ??? ?? ???? ??? ?? ???????? ??? ?????????? ????? ?????????? - ???????????? ??? ???????? ?? ??????? ?????????? ???? ?? ????????????? ?????? ???????? ??? ?? ???????? ??? ??????? ??? ??????? ???? ??? ??? ???? FM. ?? ????????? ?? ???????? ????? ??? ??????, ???? ?? ????? ??? ????? ?? ????? ??? ????????? ????????? ??? ?????????? ??????. ?????? ???? ?? ?????? ???????? ?? ??? ?????.','545564400_10150377590349401'),('http://youtu.be/Adgx9wt63NY','545564400_10150381019089401'),('????? ???????? ????????! ?? ????? ?? ??? ?????? ?? ?????? ???????? ?? ??? ?????????? ??? ???...??? ?? ???? ???? ? ?????????;;;;','545564400_10150381060164401'),('kalhmera giannh.ti tha gini me ton arisfm exoyme kanena nao;\n','545564400_10150382962654401'),('????????? ???????... ?? ??????? 1992 ?????????????? ??? 17 ??? ??? ??? ????? ??????????? ?????, ?? ??? ??? ?? ???????? - ??? ??????? ?? ???????? - ????? ??? ?????. ?? ???????????? \"??????????\". ??????? ??????;','545564400_10150390667374401'),('?? ???????? ???????? ???? A?? ?? MUST ????????? ??? ??????...Pure ????????????? ????........','545564400_10150390674934401'),('???????? ?? ????? ?? ???????????? ??? New Kids on the Block!!!!','545564400_10150390716999401'),('???????? ??? ??? ???? ????????, ???? ??? ?? ???????? ??? ???? FM 92.8. ???? ??? ?? ????? ????????, ?? ?? ???????? ??? ?????, ?????? ??? ??? ????? ???????????? ??????????????. ????? ??? 10 ?? ??????????? ??? ???? ??? ??????? ???????????. ??? ????????.','545564400_10150394404149401'),('kalimera gianni! ti diatisia einai auti re gianni paizoun me ta neura mas!!! mas vgalane kai eunoumenous!!! 8a pidixtw apo to para8uro!!','545564400_10150394453039401'),('?????? ? ????? ????? ???? ??? ??????? ??? ???????......\n???????? ??? ??\'\'??????\'\'????  !!!!','545564400_10150394550889401'),('???????........................????????.','545564400_10150396429179401'),('???????? ??????? ??? ?????? ( ??? ??? ????) ??? ?????? ?? ???? ??? ????? ?????????? ???..... ????? ?????!!! ??? ???????? ?? ??????!!','545564400_10150396471729401'),('?????????...???? ?????? ???. ????????','545564400_10150398847544401'),('???????? ???. ?? ??? ????? ???? ???? ???????? ?? ??????, \"???????\" ??????????? ???? ?? ??? 10 ???? ???? FM 92.8. ????????...','545564400_10150400793594401'),('kalimera gianni!! perimeno tin topo8etisi sou gia ton kouloxeri! na tou 3era8ei to xeri!!','545564400_10150400862054401'),('kalhmera kai stous duo sas.KITRINOMAYROI XAROI 8YRA 1','545564400_10150400876409401'),('???????? ?? ???? ??? ?? ?????. ?? ???????? ??? ?????????? ???? ????? ??? \"??????\". ??\' ????, ???????? ??? ???? ????? 92.8. ????????.','545564400_10150402802269401'),('KALHMERA !!!!!!!!!!!!!!! KITRINOMAYROI XAROI','545564400_10150403008789401'),('????????...','545564400_10150409291324401'),('kalhmera kai stous duo sas','545564400_10150409331014401'),('???????? ????? ?????????..?? ?? ?????????? ??? ??? ????????? :p ?? ?? ??? ???? ????? ?????? ? ????????.. :) ????? ??? ????????? ??? ???????!...','545564400_10150409341814401'),('kalhmera gianni kai katerina.oloi sto gipedo tin kyriakh kai ??la to kefali.KITRINOMAYROI XAROI 8YRA 1','545564400_10150409383259401'),('diladi auto to triimero thamaste without you stin sarti?? :( ','551366621_10150199946626622'),('i love you.','551366621_10150230949161622'),('C U next week brotha\'!!! Where R U working this year? Xo!','551366621_10150234932191622'),('hey how r u doin tagis? be in touch. Aren\'t u interested in coming to Brisbane in January?\n','551366621_10150236667041622'),(':( U book a few months in advance, u can find much cheaper tickets. Here is good I just don\'t have anyone to give him my c.. in PES:D how is the situation in Greece?','551366621_10150238304651622'),('Avril Lavigne is a fucking hot sexy teen-looking yummi!','551366621_10150242837616622'),('pou eisai esy re mpiftekman???','551366621_10150242864596622'),('Eeeveryboooodyyyyyy. Rock your boooodyyyyy. Se thimithika kai xaxaniza moni mou ;)','551366621_10150249037621622'),('Yeah, send me the adress!:D Your gift is waiting for U, haha:D ','551366621_10150251858646622'),('auriooooooooooo tha se dw-ww :D :D :D ','551366621_10150252563211622'),('vre vre- to prwi katalava oti mou pires ta tsigara..mia pou epatha lastixw k ithela ciggy gia to stress- kapniseta :P :P  tha ta poume soon manolo xxx kala na peraseis ','551366621_10150258897846622'),('what made so many people have this tremendously big compassion about the loss of Steve Jobs?i guess most of them got to know his name just today as the co-founder of apple and i suppose they are all i-phone users.','551366621_10150317587736622'),('tagis wtf are you doing? miss you baby baby','551366621_10150338172436622'),('what\'s up dude? still alive?','551366621_10150348219456622'),('great olympiacos','551366621_10150349411391622'),('I should have prepared an 80s party for tonight, like in erasmus 1 year ago.. Miss it, a lot.. Korina Semou, Caterina Natalini,Mariella Steinweg,Christian Lohan,Sarah T. Vonderlindau,Finn Niklas Nitz,Wen Liu!','553450908_10150344079075909'),('giati de diavazeis??? eeeee????','553450908_10150353038605909'),('elaaa... pa8ame kai to poke!!! mazepsou!! kai pou eisai ee,PROSOXI stous gypaetous!!!! hahahahahaha!!!','553450908_10150354235440909'),('?????? ??????! (? ????? ???, ??? ???????????, ?? ??????!)','553450908_10150354922855909'),('sou stelnw xairetismata apo to kainourio m spiti....','553450908_10150355909250909'),('\"...I\'ll feel alone in the nights without you an the fucking german coming to my room and gossiping all night long about everything that is non our bussiness!! Even if it was not obvious , I was really heaving fun with you both even when you were making a mess in my rume ...\" Athina Dixit','553450908_10150356388635909'),('????????????? ??????? ??? ??????????? ??????????.. ?????? ? ????? ??????!','553450908_10150359115455909'),('??? ????? ??? ????? ?????? ?? ???????? ?? ????? ???????????? ????????????? ? :P\n','553450908_10150363475060909'),('?? ????? ??? ???????.. ??? ????????, ????????, ???? ???!!!!!!!! ?? ????????? ? ???????????? ????????!!!!!!','553450908_10150365223190909'),('??? ???! ?? ?????????, ?? ???? ???????? ?????, ???? wi-fi! ?? ???????!','553450908_10150366291105909'),('Do you remeber how i was always asking Wen Liu for this raffaello chocolate ? She always gave me one :)','553450908_10150368353220909'),('ante mwre elate epitelousssss.......','553450908_10150369266565909'),('\"???????????? ?? ????? ????????????? ????????? ????? ??????? ?????? ?????? ???????..\" athens by night ??? ?? ????? ??????????','553450908_10150372947595909'),('Athina it was perfect timing :) Thank you so much!! I hope everything\'s good back home, and I really hope that one day our path\'s cross again. xxx','553450908_10150377475940909'),('??? ???????. ???? ????????? ??? ?????? ? ????????????!','553450908_10150380186710909'),('ama varietai o kosmos...... :P :P','553450908_10150381163240909'),('??????? ??????????:\n????? ?? ???????????? ??? ????? ???? ??????! ? ??????? ???????????! ? ????? ?????? ?? ???????? ????????... ? ????? ?? ???????????? ?? ????????????... ? ??????? ??? ??????? ??????? ???????... ?? ??????? ??? ?????? ???? ???????? ??? ????????... ??? ?? 3 ????? ????????? ??? ?? ????????? ?? ???????????????..!!','553450908_10150386398270909'),('?? ????????? ?????? ????? ????? ???? ???????????????? ???? ????!!!! ?????? ?????!!!! ?????? ??????????!!! ???????????!!!!! ???\'???? ????? ??? ???? ????!!!!!','553450908_10150390105635909'),('?????? ??? reality! ?? ??????????? ?? ?????????? ???..','553450908_10150394185880909'),('?? ????? ?? ??????? ?? ??????? ??? ???? ????? ?? ?? ????? ??? ??????? ???????, ?? ????? ??? ????? ?????????!','553450908_10150395612975909'),('sinterklaas is coming to town!','553450908_10150407127425909'),('I\'ve missed you, erasmus people!!!','553450908_10150407159465909'),('helllllllou\r\n','553450908_10150411789565909'),('dilwnw apararadekti.. 8a se parw ayrio otan ksypnisw.. vasika 8a me pareis esy giati den exw karta :P :P!!!! <3 kalinyxtaaa','553450908_10150412890335909'),('exei provlima to chat??? ','553450908_10150415928185909'),('days whe i was amazed by the coincidence of \"who cares\" and hooker','553450908_10150422373765909'),('?? ?????? ?? ???????? ???? ???????;;','553450908_10150430546175909'),('Hey, christmas spirit!!! Yeah, you!!!! I cleaned and tidied up!!!!!! You can visit us now!!!!! \nYours sincerely, Athina\'s mood..','553450908_10150433470725909'),('tha allaxeis pote pic profil??????','560464490_10150327151544491'),('xronia polla lambro.oti epithimeis...panta xaroumenos kai polu ugeia panw apola..','560464490_501948384490'),('XRONIA POLLAAAAAAA K KALA!!','560464490_501949224490'),('xronia pollaaaaa','560464490_501979544490'),('?????? ??? ?????!!!!! ?? ????? -????? -?????????.....?? ?? ????????? ???? ?? ???????... ?????...','560464490_502028089490'),('Happy Birthday Markito!!! i wish you the best!! (:','566811562_10150403402806563'),('Happy Birthday Cusin!!!!! Enjoy\n','566811562_10150403426521563'),('I wish you a very beautiful and happy birthday Markos. I hope everything is alright for you since Amandine and Richard\'s wedding and that I\'ll have the pleasure to see you again one of these days! Take care. ++','566811562_10150403437406563'),('Happy Birthday! ... :) ','566811562_10150403440811563'),('Happy birthday buddy!!','566811562_10150403477161563'),('Happy B-day dude,?????????? ??? ??? ????????? !!','566811562_10150403498811563'),('eh mark happy birthday men oti epi8ymeis na t exeis and men na t ekatosthseis!!!!!!!!!!!!!!!from greece with love \n<3 :P','566811562_10150403551636563'),('happy birthday!!!','566811562_10150403576516563'),('Xronia polla Marko!!!Na ta ekatosthseis!!!','566811562_10150403584221563'),('? think its TOO late now but happy birthday buddy ?????????? ;)','566811562_10150403630196563'),('Happy Birthday Markos!!!\nWish you the best!!! :)','566811562_10150403667206563'),('Yo yo happy birthday!','566811562_10150403879456563'),('?????? ????? ?? ?? ??????????,?? ?? ????????????.??? ???????? ??? ?????? ???? ??? ???.?????','566811562_10150403909236563'),('happy b-day markooo, oti epi8umeis!! :))','566811562_10150404033916563'),('Happy Birthday Markos!!','566811562_10150404063256563'),('Bon anniversaire Markos =)','566811562_10150404090671563'),('Happy bday mate!! Sorry I can\'t be there to huuuuugg you!! :)\n','566811562_10150404267741563'),('Happy Birthday for yesterday :)','566811562_10150404502466563'),('happy belated birthday markos ;P','566811562_10150406640956563'),('Above & Beyond - World on Fire. Listen to it','566811562_10150408210326563'),('Looks like I never seem to learn, You win again alcohol!!!','566811562_10150412250416563'),('This writing in Greek is tricky! Its trick trick trick trick trick, HERE WE GOOOO!!','566811562_10150420327751563'),('Rain hail or shine, next week I\'m hitting the beach with a vengeance...','566811562_10150422212656563'),('Old blade servers don\'t die on me now on reboot!','566811562_10150427896391563'),('Its board Fixing time!','566811562_10150431117801563'),('Beach tomorrow?\n','566811562_10150438194826563'),('Its official, the Mo has begun!','566811562_10150443537376563'),('So lazy today ...','566811562_10150450509351563'),('yasu ti kanis','566811562_10150451910861563'),('RIGA V PAOK in eurobasket!!','566811562_10150462358751563'),('scorched!','566811562_10150463905221563'),('Wrecked!!','566811562_10150474132586563'),('12 hrs sleep!!! not bad','566811562_10150477774111563'),('down hill board bearings all cleaned ready to go, lets break that speed record!','566811562_10150478253781563');
/*!40000 ALTER TABLE `facebook_status_messages` ENABLE KEYS */;
UNLOCK TABLES;

--
-- Table structure for table `facebook_tokens`
--

DROP TABLE IF EXISTS `facebook_tokens`;
/*!40101 SET @saved_cs_client     = @@character_set_client */;
/*!40101 SET character_set_client = utf8 */;
CREATE TABLE `facebook_tokens` (
  `TOKEN_VALUE` varchar(1000) NOT NULL,
  `APPLICATION_USERS_PK_USER_ID` varchar(100) NOT NULL,
  PRIMARY KEY (`APPLICATION_USERS_PK_USER_ID`),
  KEY `fk_FACEBOOK_TOKENS_APPLICATION_USERS1` (`APPLICATION_USERS_PK_USER_ID`),
  CONSTRAINT `fk_FACEBOOK_TOKENS_APPLICATION_USERS1` FOREIGN KEY (`APPLICATION_USERS_PK_USER_ID`) REFERENCES `application_users` (`PK_USER_ID`) ON DELETE NO ACTION ON UPDATE NO ACTION
) ENGINE=InnoDB DEFAULT CHARSET=utf8;
/*!40101 SET character_set_client = @saved_cs_client */;

--
-- Dumping data for table `facebook_tokens`
--

LOCK TABLES `facebook_tokens` WRITE;
/*!40000 ALTER TABLE `facebook_tokens` DISABLE KEYS */;
INSERT INTO `facebook_tokens` VALUES ('access_token=164830413559108|c8b8a030bfb0eee2c891c311.1-100000866964787|Y9vZRi9qMlmiq3lvzYf3GX8xsv4','1');
/*!40000 ALTER TABLE `facebook_tokens` ENABLE KEYS */;
UNLOCK TABLES;

--
-- Table structure for table `facebook_videos`
--

DROP TABLE IF EXISTS `facebook_videos`;
/*!40101 SET @saved_cs_client     = @@character_set_client */;
/*!40101 SET character_set_client = utf8 */;
CREATE TABLE `facebook_videos` (
  `CAPTION` varchar(1000) CHARACTER SET utf8 COLLATE utf8_bin NOT NULL,
  `FACEBOOK_FEEDS_PK_FEED_ID` varchar(100) NOT NULL,
  PRIMARY KEY (`FACEBOOK_FEEDS_PK_FEED_ID`),
  KEY `fk_FACEBOOK_VIDEOS_FACEBOOK_FEEDS1` (`FACEBOOK_FEEDS_PK_FEED_ID`),
  CONSTRAINT `fk_FACEBOOK_VIDEOS_FACEBOOK_FEEDS1` FOREIGN KEY (`FACEBOOK_FEEDS_PK_FEED_ID`) REFERENCES `facebook_feeds` (`PK_FEED_ID`) ON DELETE NO ACTION ON UPDATE NO ACTION
) ENGINE=InnoDB DEFAULT CHARSET=utf8;
/*!40101 SET character_set_client = @saved_cs_client */;

--
-- Dumping data for table `facebook_videos`
--

LOCK TABLES `facebook_videos` WRITE;
/*!40000 ALTER TABLE `facebook_videos` DISABLE KEYS */;
INSERT INTO `facebook_videos` VALUES ('www.youtube.com','545564400_129736757130585'),('www.youtube.com','545564400_131433236963031'),('www.youtube.com','545564400_138217312952786'),('www.youtube.com','545564400_150753638356201'),('www.youtube.com','545564400_184715788284128'),('www.youtube.com','545564400_189966507753516'),('www.youtube.com','545564400_261282817256517'),('www.youtube.com','545564400_262070287170599'),('www.youtube.com','545564400_282834191755579'),('www.youtube.com','545564400_287585351262424'),('www.youtube.com','545564400_289498601068167'),('www.youtube.com','545564400_290662400955341'),('www.youtube.com','545564400_291412420877828'),('www.youtube.com','545564400_311179182245144'),('www.youtube.com','545564400_311727178844279'),('www.youtube.com','545564400_317888404890059'),('www.youtube.com','551366621_100635900054185'),('','551366621_10150305261161622'),('www.youtube.com','551366621_110499179061487'),('www.youtube.com','551366621_133383050090812'),('www.youtube.com','551366621_231628083552747'),('www.youtube.com','551366621_260275277328473'),('www.youtube.com','551366621_290086077675151'),('www.youtube.com','551366621_309079619118860'),('www.youtube.com','553450908_110608935715002'),('www.youtube.com','553450908_167063673386175'),('www.youtube.com','553450908_170490326371940'),('www.youtube.com','553450908_173395896078119'),('www.youtube.com','553450908_175944745828988'),('www.youtube.com','553450908_183026221782582'),('www.youtube.com','553450908_202495179826219'),('www.youtube.com','553450908_211908348876100'),('www.youtube.com','553450908_230898273633764'),('www.youtube.com','553450908_246269602100170'),('www.youtube.com','553450908_249169085134597'),('www.youtube.com','553450908_261220043914905'),('www.youtube.com','553450908_286954361336318'),('www.youtube.com','553450908_292155400795916'),('www.youtube.com','553450908_294729890553864'),('www.youtube.com','553450908_307135385965944'),('www.youtube.com','553450908_307141162638104'),('www.youtube.com','553450908_315124405168148'),('www.youtube.com','553450908_321168667902866'),('gdata.youtube.com','560464490_160330060690148'),('gdata.youtube.com','560464490_179760785404009'),('gdata.youtube.com','560464490_201969023168629'),('www.youtube.com','566811562_124826374289243'),('www.youtube.com','566811562_184251831658698'),('www.youtube.com','566811562_187214978021204'),('www.youtube.com','566811562_279487345406600');
/*!40000 ALTER TABLE `facebook_videos` ENABLE KEYS */;
UNLOCK TABLES;

--
-- Table structure for table `feeds_contain_locations`
--

DROP TABLE IF EXISTS `feeds_contain_locations`;
/*!40101 SET @saved_cs_client     = @@character_set_client */;
/*!40101 SET character_set_client = utf8 */;
CREATE TABLE `feeds_contain_locations` (
  `LOCATION` varchar(100) NOT NULL,
  `FACEBOOK_FEEDS_PK_FEED_ID` varchar(100) NOT NULL,
  PRIMARY KEY (`LOCATION`,`FACEBOOK_FEEDS_PK_FEED_ID`),
  KEY `fk_FEEDS_CONTAIN_LOCATIONS_FACEBOOK_FEEDS1` (`FACEBOOK_FEEDS_PK_FEED_ID`),
  CONSTRAINT `fk_FEEDS_CONTAIN_LOCATIONS_FACEBOOK_FEEDS1` FOREIGN KEY (`FACEBOOK_FEEDS_PK_FEED_ID`) REFERENCES `facebook_feeds` (`PK_FEED_ID`) ON DELETE NO ACTION ON UPDATE NO ACTION
) ENGINE=InnoDB DEFAULT CHARSET=utf8;
/*!40101 SET character_set_client = @saved_cs_client */;

--
-- Dumping data for table `feeds_contain_locations`
--

LOCK TABLES `feeds_contain_locations` WRITE;
/*!40000 ALTER TABLE `feeds_contain_locations` DISABLE KEYS */;
INSERT INTO `feeds_contain_locations` VALUES ('Asia','545564400_10150337641464401'),('St. John\'s','545564400_10150337665334401'),('Dingshe','553450908_10150368353220909'),('Wendeng','553450908_10150368353220909'),('Thank God Harbor','553450908_10150377475940909'),('Birthday Bay','566811562_10150404063256563'),('Mrkos','566811562_10150404090671563'),('Lac Sorry','566811562_10150404267741563'),('Birthday Bay','566811562_10150404502466563'),('Beyond Lake','566811562_10150408210326563'),('Earth','566811562_10150408210326563'),('Listen Lake','566811562_10150408210326563'),('Freetown','566811562_10150412250416563'),('Mta Pitsristsveri','566811562_10150420327751563'),('South Greek Lake','566811562_10150420327751563');
/*!40000 ALTER TABLE `feeds_contain_locations` ENABLE KEYS */;
UNLOCK TABLES;

--
-- Temporary table structure for view `flink_key_results`
--

DROP TABLE IF EXISTS `flink_key_results`;
/*!50001 DROP VIEW IF EXISTS `flink_key_results`*/;
SET @saved_cs_client     = @@character_set_client;
SET character_set_client = utf8;
/*!50001 CREATE TABLE `flink_key_results` (
  `KEYWORDS` varchar(100),
  `USERS` varchar(100),
  `TYPES` varchar(45),
  `FEEDS_ID` varchar(100),
  `CONTENTS` varchar(1000)
) ENGINE=MyISAM */;
SET character_set_client = @saved_cs_client;

--
-- Temporary table structure for view `fnote_key_results`
--

DROP TABLE IF EXISTS `fnote_key_results`;
/*!50001 DROP VIEW IF EXISTS `fnote_key_results`*/;
SET @saved_cs_client     = @@character_set_client;
SET character_set_client = utf8;
/*!50001 CREATE TABLE `fnote_key_results` (
  `KEYWORDS` varchar(100),
  `USERS` varchar(100),
  `TYPES` varchar(45),
  `FEEDS_ID` varchar(100),
  `CONTENTS` varchar(1000)
) ENGINE=MyISAM */;
SET character_set_client = @saved_cs_client;

--
-- Temporary table structure for view `fpicture_key_results`
--

DROP TABLE IF EXISTS `fpicture_key_results`;
/*!50001 DROP VIEW IF EXISTS `fpicture_key_results`*/;
SET @saved_cs_client     = @@character_set_client;
SET character_set_client = utf8;
/*!50001 CREATE TABLE `fpicture_key_results` (
  `KEYWORDS` varchar(100),
  `USERS` varchar(100),
  `TYPES` varchar(45),
  `FEEDS_ID` varchar(100),
  `CONTENTS` varchar(1000)
) ENGINE=MyISAM */;
SET character_set_client = @saved_cs_client;

--
-- Temporary table structure for view `fstatus_key_results`
--

DROP TABLE IF EXISTS `fstatus_key_results`;
/*!50001 DROP VIEW IF EXISTS `fstatus_key_results`*/;
SET @saved_cs_client     = @@character_set_client;
SET character_set_client = utf8;
/*!50001 CREATE TABLE `fstatus_key_results` (
  `KEYWORDS` varchar(100),
  `USERS` varchar(100),
  `TYPES` varchar(45),
  `FEEDS_ID` varchar(100),
  `CONTENTS` varchar(1000)
) ENGINE=MyISAM */;
SET character_set_client = @saved_cs_client;

--
-- Temporary table structure for view `fvideo_key_results`
--

DROP TABLE IF EXISTS `fvideo_key_results`;
/*!50001 DROP VIEW IF EXISTS `fvideo_key_results`*/;
SET @saved_cs_client     = @@character_set_client;
SET character_set_client = utf8;
/*!50001 CREATE TABLE `fvideo_key_results` (
  `KEYWORDS` varchar(100),
  `USERS` varchar(100),
  `TYPES` varchar(45),
  `FEEDS_ID` varchar(100),
  `CONTENTS` varchar(1000)
) ENGINE=MyISAM */;
SET character_set_client = @saved_cs_client;

--
-- Table structure for table `keywords`
--

DROP TABLE IF EXISTS `keywords`;
/*!40101 SET @saved_cs_client     = @@character_set_client */;
/*!40101 SET character_set_client = utf8 */;
CREATE TABLE `keywords` (
  `PK_KEYWORD_ID` bigint(20) NOT NULL AUTO_INCREMENT,
  `KEYWORD_VALUE` varchar(100) NOT NULL,
  PRIMARY KEY (`PK_KEYWORD_ID`)
) ENGINE=InnoDB AUTO_INCREMENT=4 DEFAULT CHARSET=utf8;
/*!40101 SET character_set_client = @saved_cs_client */;

--
-- Dumping data for table `keywords`
--

LOCK TABLES `keywords` WRITE;
/*!40000 ALTER TABLE `keywords` DISABLE KEYS */;
INSERT INTO `keywords` VALUES (1,'keyword'),(2,'ari'),(3,'arh');
/*!40000 ALTER TABLE `keywords` ENABLE KEYS */;
UNLOCK TABLES;

--
-- Table structure for table `location_searches`
--

DROP TABLE IF EXISTS `location_searches`;
/*!40101 SET @saved_cs_client     = @@character_set_client */;
/*!40101 SET character_set_client = utf8 */;
CREATE TABLE `location_searches` (
  `SEARCH_ID` bigint(20) NOT NULL AUTO_INCREMENT,
  `DATE` varchar(45) NOT NULL,
  `APPLICATION_USERS_PK_USER_ID` varchar(100) NOT NULL,
  PRIMARY KEY (`SEARCH_ID`),
  KEY `fk_LOCATION_SEARCHES_APPLICATION_USERS1` (`APPLICATION_USERS_PK_USER_ID`),
  CONSTRAINT `fk_LOCATION_SEARCHES_APPLICATION_USERS1` FOREIGN KEY (`APPLICATION_USERS_PK_USER_ID`) REFERENCES `application_users` (`PK_USER_ID`) ON DELETE NO ACTION ON UPDATE NO ACTION
) ENGINE=InnoDB AUTO_INCREMENT=3 DEFAULT CHARSET=utf8;
/*!40101 SET character_set_client = @saved_cs_client */;

--
-- Dumping data for table `location_searches`
--

LOCK TABLES `location_searches` WRITE;
/*!40000 ALTER TABLE `location_searches` DISABLE KEYS */;
INSERT INTO `location_searches` VALUES (1,'Sun Nov 20 23:37:25 EET 2011','1'),(2,'Mon Nov 28 23:56:41 EET 2011','1');
/*!40000 ALTER TABLE `location_searches` ENABLE KEYS */;
UNLOCK TABLES;

--
-- Temporary table structure for view `user_keyword_searching_results`
--

DROP TABLE IF EXISTS `user_keyword_searching_results`;
/*!50001 DROP VIEW IF EXISTS `user_keyword_searching_results`*/;
SET @saved_cs_client     = @@character_set_client;
SET character_set_client = utf8;
/*!50001 CREATE TABLE `user_keyword_searching_results` (
  `KEYWORDS` varchar(100),
  `FEED_TYPE` varchar(45),
  `PK_FEED_ID` varchar(100),
  `USERS` varchar(100)
) ENGINE=MyISAM */;
SET character_set_client = @saved_cs_client;

--
-- Final view structure for view `facebook_feed_keywords_view`
--

/*!50001 DROP TABLE IF EXISTS `facebook_feed_keywords_view`*/;
/*!50001 DROP VIEW IF EXISTS `facebook_feed_keywords_view`*/;
/*!50001 SET @saved_cs_client          = @@character_set_client */;
/*!50001 SET @saved_cs_results         = @@character_set_results */;
/*!50001 SET @saved_col_connection     = @@collation_connection */;
/*!50001 SET character_set_client      = utf8 */;
/*!50001 SET character_set_results     = utf8 */;
/*!50001 SET collation_connection      = utf8_general_ci */;
/*!50001 CREATE ALGORITHM=UNDEFINED */
/*!50013 DEFINER=`root`@`localhost` SQL SECURITY DEFINER */
/*!50001 VIEW `facebook_feed_keywords_view` AS select `keywords`.`KEYWORD_VALUE` AS `KEYWORDS`,`feeds`.`TYPE` AS `FEED_TYPE`,`feeds`.`PK_FEED_ID` AS `PK_FEED_ID`,`feed_keywords`.`APPLICATION_USERS_PK_USER_ID` AS `USERS` from ((`facebook_feeds_has_keywords` `feed_keywords` join `keywords` on((`feed_keywords`.`KEYWORDS_PK_KEYWORD_ID` = `keywords`.`PK_KEYWORD_ID`))) join `facebook_feeds` `feeds` on((`feed_keywords`.`FACEBOOK_FEEDS_PK_FEED_ID` = `feeds`.`PK_FEED_ID`))) */;
/*!50001 SET character_set_client      = @saved_cs_client */;
/*!50001 SET character_set_results     = @saved_cs_results */;
/*!50001 SET collation_connection      = @saved_col_connection */;

--
-- Final view structure for view `flink_key_results`
--

/*!50001 DROP TABLE IF EXISTS `flink_key_results`*/;
/*!50001 DROP VIEW IF EXISTS `flink_key_results`*/;
/*!50001 SET @saved_cs_client          = @@character_set_client */;
/*!50001 SET @saved_cs_results         = @@character_set_results */;
/*!50001 SET @saved_col_connection     = @@collation_connection */;
/*!50001 SET character_set_client      = utf8 */;
/*!50001 SET character_set_results     = utf8 */;
/*!50001 SET collation_connection      = utf8_general_ci */;
/*!50001 CREATE ALGORITHM=UNDEFINED */
/*!50013 DEFINER=`root`@`localhost` SQL SECURITY DEFINER */
/*!50001 VIEW `flink_key_results` AS select `result`.`KEYWORDS` AS `KEYWORDS`,`result`.`USERS` AS `USERS`,`result`.`FEED_TYPE` AS `TYPES`,`result`.`PK_FEED_ID` AS `FEEDS_ID`,`link`.`NAME` AS `CONTENTS` from (`facebook_feed_keywords_view` `result` join `facebook_links` `link` on((`link`.`FACEBOOK_FEEDS_PK_FEED_ID` = `result`.`PK_FEED_ID`))) order by `result`.`PK_FEED_ID` */;
/*!50001 SET character_set_client      = @saved_cs_client */;
/*!50001 SET character_set_results     = @saved_cs_results */;
/*!50001 SET collation_connection      = @saved_col_connection */;

--
-- Final view structure for view `fnote_key_results`
--

/*!50001 DROP TABLE IF EXISTS `fnote_key_results`*/;
/*!50001 DROP VIEW IF EXISTS `fnote_key_results`*/;
/*!50001 SET @saved_cs_client          = @@character_set_client */;
/*!50001 SET @saved_cs_results         = @@character_set_results */;
/*!50001 SET @saved_col_connection     = @@collation_connection */;
/*!50001 SET character_set_client      = utf8 */;
/*!50001 SET character_set_results     = utf8 */;
/*!50001 SET collation_connection      = utf8_general_ci */;
/*!50001 CREATE ALGORITHM=UNDEFINED */
/*!50013 DEFINER=`root`@`localhost` SQL SECURITY DEFINER */
/*!50001 VIEW `fnote_key_results` AS select `result`.`KEYWORDS` AS `KEYWORDS`,`result`.`USERS` AS `USERS`,`result`.`FEED_TYPE` AS `TYPES`,`result`.`PK_FEED_ID` AS `FEEDS_ID`,`note`.`MESSAGE` AS `CONTENTS` from (`facebook_feed_keywords_view` `result` join `facebook_notes` `note` on((`note`.`FACEBOOK_FEEDS_PK_FEED_ID` = `result`.`PK_FEED_ID`))) order by `result`.`PK_FEED_ID` */;
/*!50001 SET character_set_client      = @saved_cs_client */;
/*!50001 SET character_set_results     = @saved_cs_results */;
/*!50001 SET collation_connection      = @saved_col_connection */;

--
-- Final view structure for view `fpicture_key_results`
--

/*!50001 DROP TABLE IF EXISTS `fpicture_key_results`*/;
/*!50001 DROP VIEW IF EXISTS `fpicture_key_results`*/;
/*!50001 SET @saved_cs_client          = @@character_set_client */;
/*!50001 SET @saved_cs_results         = @@character_set_results */;
/*!50001 SET @saved_col_connection     = @@collation_connection */;
/*!50001 SET character_set_client      = utf8 */;
/*!50001 SET character_set_results     = utf8 */;
/*!50001 SET collation_connection      = utf8_general_ci */;
/*!50001 CREATE ALGORITHM=UNDEFINED */
/*!50013 DEFINER=`root`@`localhost` SQL SECURITY DEFINER */
/*!50001 VIEW `fpicture_key_results` AS select `result`.`KEYWORDS` AS `KEYWORDS`,`result`.`USERS` AS `USERS`,`result`.`FEED_TYPE` AS `TYPES`,`result`.`PK_FEED_ID` AS `FEEDS_ID`,`picture`.`MESSAGE` AS `CONTENTS` from (`facebook_feed_keywords_view` `result` join `facebook_pictures` `picture` on((`picture`.`FACEBOOK_FEEDS_PK_FEED_ID` = `result`.`PK_FEED_ID`))) order by `result`.`PK_FEED_ID` */;
/*!50001 SET character_set_client      = @saved_cs_client */;
/*!50001 SET character_set_results     = @saved_cs_results */;
/*!50001 SET collation_connection      = @saved_col_connection */;

--
-- Final view structure for view `fstatus_key_results`
--

/*!50001 DROP TABLE IF EXISTS `fstatus_key_results`*/;
/*!50001 DROP VIEW IF EXISTS `fstatus_key_results`*/;
/*!50001 SET @saved_cs_client          = @@character_set_client */;
/*!50001 SET @saved_cs_results         = @@character_set_results */;
/*!50001 SET @saved_col_connection     = @@collation_connection */;
/*!50001 SET character_set_client      = utf8 */;
/*!50001 SET character_set_results     = utf8 */;
/*!50001 SET collation_connection      = utf8_general_ci */;
/*!50001 CREATE ALGORITHM=UNDEFINED */
/*!50013 DEFINER=`root`@`localhost` SQL SECURITY DEFINER */
/*!50001 VIEW `fstatus_key_results` AS select `result`.`KEYWORDS` AS `KEYWORDS`,`result`.`USERS` AS `USERS`,`result`.`FEED_TYPE` AS `TYPES`,`result`.`PK_FEED_ID` AS `FEEDS_ID`,`status_message`.`MESSAGE` AS `CONTENTS` from (`facebook_feed_keywords_view` `result` join `facebook_status_messages` `status_message` on((`status_message`.`FACEBOOK_FEEDS_PK_FEED_ID` = `result`.`PK_FEED_ID`))) */;
/*!50001 SET character_set_client      = @saved_cs_client */;
/*!50001 SET character_set_results     = @saved_cs_results */;
/*!50001 SET collation_connection      = @saved_col_connection */;

--
-- Final view structure for view `fvideo_key_results`
--

/*!50001 DROP TABLE IF EXISTS `fvideo_key_results`*/;
/*!50001 DROP VIEW IF EXISTS `fvideo_key_results`*/;
/*!50001 SET @saved_cs_client          = @@character_set_client */;
/*!50001 SET @saved_cs_results         = @@character_set_results */;
/*!50001 SET @saved_col_connection     = @@collation_connection */;
/*!50001 SET character_set_client      = utf8 */;
/*!50001 SET character_set_results     = utf8 */;
/*!50001 SET collation_connection      = utf8_general_ci */;
/*!50001 CREATE ALGORITHM=UNDEFINED */
/*!50013 DEFINER=`root`@`localhost` SQL SECURITY DEFINER */
/*!50001 VIEW `fvideo_key_results` AS select `result`.`KEYWORDS` AS `KEYWORDS`,`result`.`USERS` AS `USERS`,`result`.`FEED_TYPE` AS `TYPES`,`result`.`PK_FEED_ID` AS `FEEDS_ID`,`video`.`CAPTION` AS `CONTENTS` from (`facebook_feed_keywords_view` `result` join `facebook_videos` `video` on((`video`.`FACEBOOK_FEEDS_PK_FEED_ID` = `result`.`PK_FEED_ID`))) order by `result`.`PK_FEED_ID` */;
/*!50001 SET character_set_client      = @saved_cs_client */;
/*!50001 SET character_set_results     = @saved_cs_results */;
/*!50001 SET collation_connection      = @saved_col_connection */;

--
-- Final view structure for view `user_keyword_searching_results`
--

/*!50001 DROP TABLE IF EXISTS `user_keyword_searching_results`*/;
/*!50001 DROP VIEW IF EXISTS `user_keyword_searching_results`*/;
/*!50001 SET @saved_cs_client          = @@character_set_client */;
/*!50001 SET @saved_cs_results         = @@character_set_results */;
/*!50001 SET @saved_col_connection     = @@collation_connection */;
/*!50001 SET character_set_client      = utf8 */;
/*!50001 SET character_set_results     = utf8 */;
/*!50001 SET collation_connection      = utf8_general_ci */;
/*!50001 CREATE ALGORITHM=UNDEFINED */
/*!50013 DEFINER=`root`@`localhost` SQL SECURITY DEFINER */
/*!50001 VIEW `user_keyword_searching_results` AS select `keywords`.`KEYWORD_VALUE` AS `KEYWORDS`,`feeds`.`TYPE` AS `FEED_TYPE`,`feeds`.`PK_FEED_ID` AS `PK_FEED_ID`,`feed_keywords`.`APPLICATION_USERS_PK_USER_ID` AS `USERS` from ((`facebook_feeds_has_keywords` `feed_keywords` join `keywords` on((`feed_keywords`.`KEYWORDS_PK_KEYWORD_ID` = `keywords`.`PK_KEYWORD_ID`))) join `facebook_feeds` `feeds` on((`feed_keywords`.`FACEBOOK_FEEDS_PK_FEED_ID` = `feeds`.`PK_FEED_ID`))) */;
/*!50001 SET character_set_client      = @saved_cs_client */;
/*!50001 SET character_set_results     = @saved_cs_results */;
/*!50001 SET collation_connection      = @saved_col_connection */;
/*!40103 SET TIME_ZONE=@OLD_TIME_ZONE */;

/*!40101 SET SQL_MODE=@OLD_SQL_MODE */;
/*!40014 SET FOREIGN_KEY_CHECKS=@OLD_FOREIGN_KEY_CHECKS */;
/*!40014 SET UNIQUE_CHECKS=@OLD_UNIQUE_CHECKS */;
/*!40101 SET CHARACTER_SET_CLIENT=@OLD_CHARACTER_SET_CLIENT */;
/*!40101 SET CHARACTER_SET_RESULTS=@OLD_CHARACTER_SET_RESULTS */;
/*!40101 SET COLLATION_CONNECTION=@OLD_COLLATION_CONNECTION */;
/*!40111 SET SQL_NOTES=@OLD_SQL_NOTES */;

-- Dump completed on 2011-11-29 22:57:57
